-- phpMyAdmin SQL Dump
-- version 2.7.0-pl1
-- http://www.phpmyadmin.net
-- 
-- Host: localhost
-- Generation Time: Feb 22, 2007 at 09:19 AM
-- Server version: 5.0.18
-- PHP Version: 5.1.1
-- 
-- Database: `vsm123`
-- 

-- --------------------------------------------------------

-- 
-- Table structure for table `administrator`
-- 

CREATE TABLE `administrator` (
  `username` varchar(20) collate latin1_general_ci NOT NULL default 'admin',
  `password` varchar(20) collate latin1_general_ci NOT NULL default 'admin'
) ENGINE=MyISAM DEFAULT CHARSET=latin1 COLLATE=latin1_general_ci;

-- 
-- Dumping data for table `administrator`
-- 

INSERT INTO `administrator` VALUES ('admin', 'underdog');

-- --------------------------------------------------------

-- 
-- Table structure for table `company_shareprice`
-- 

CREATE TABLE `company_shareprice` (
  `company_id` int(10) NOT NULL auto_increment,
  `company_name` varchar(255) collate latin1_general_ci NOT NULL,
  `share_price` int(10) unsigned default NULL,
  PRIMARY KEY  (`company_id`)
) ENGINE=MyISAM DEFAULT CHARSET=latin1 COLLATE=latin1_general_ci AUTO_INCREMENT=16 ;

-- 
-- Dumping data for table `company_shareprice`
-- 

INSERT INTO `company_shareprice` VALUES (1, 'Star', 419);
INSERT INTO `company_shareprice` VALUES (2, 'Zee', 199);
INSERT INTO `company_shareprice` VALUES (3, 'sony', 429);
INSERT INTO `company_shareprice` VALUES (4, 'Tata motors', 458);
INSERT INTO `company_shareprice` VALUES (5, 'Honda', 290);
INSERT INTO `company_shareprice` VALUES (6, 'Hyndai', 261);
INSERT INTO `company_shareprice` VALUES (7, 'TCS', 748);
INSERT INTO `company_shareprice` VALUES (8, 'ExelSoft', 339);
INSERT INTO `company_shareprice` VALUES (9, 'Satyam', 561);
INSERT INTO `company_shareprice` VALUES (10, 'Shakti', 376);
INSERT INTO `company_shareprice` VALUES (11, 'Bombay dyeing', 645);
INSERT INTO `company_shareprice` VALUES (12, 's.kumar', 396);
INSERT INTO `company_shareprice` VALUES (13, 'HDFC', 451);
INSERT INTO `company_shareprice` VALUES (14, 'ICICI', 357);
INSERT INTO `company_shareprice` VALUES (15, 'Bank Of India', 512);

-- --------------------------------------------------------

-- 
-- Table structure for table `customer`
-- 

CREATE TABLE `customer` (
  `customer_id` int(10) NOT NULL,
  `password` varchar(20) collate latin1_general_ci default '',
  PRIMARY KEY  (`customer_id`)
) ENGINE=MyISAM DEFAULT CHARSET=latin1 COLLATE=latin1_general_ci;

-- 
-- Dumping data for table `customer`
-- 

INSERT INTO `customer` VALUES (1, '');
INSERT INTO `customer` VALUES (2, '');
INSERT INTO `customer` VALUES (3, '');
INSERT INTO `customer` VALUES (4, '');
INSERT INTO `customer` VALUES (5, '');
INSERT INTO `customer` VALUES (6, '');
INSERT INTO `customer` VALUES (7, '');
INSERT INTO `customer` VALUES (8, '');
INSERT INTO `customer` VALUES (9, '');
INSERT INTO `customer` VALUES (10, '');
INSERT INTO `customer` VALUES (11, '');
INSERT INTO `customer` VALUES (12, '');
INSERT INTO `customer` VALUES (13, '');
INSERT INTO `customer` VALUES (14, '');
INSERT INTO `customer` VALUES (15, '');
INSERT INTO `customer` VALUES (16, '');
INSERT INTO `customer` VALUES (17, '');
INSERT INTO `customer` VALUES (18, '');
INSERT INTO `customer` VALUES (19, '');
INSERT INTO `customer` VALUES (20, '');
INSERT INTO `customer` VALUES (21, '');
INSERT INTO `customer` VALUES (22, '');
INSERT INTO `customer` VALUES (23, '');
INSERT INTO `customer` VALUES (24, '');
INSERT INTO `customer` VALUES (25, '');
INSERT INTO `customer` VALUES (26, '');
INSERT INTO `customer` VALUES (27, '');
INSERT INTO `customer` VALUES (28, '');
INSERT INTO `customer` VALUES (29, '');
INSERT INTO `customer` VALUES (30, '');
INSERT INTO `customer` VALUES (31, '');
INSERT INTO `customer` VALUES (32, '');
INSERT INTO `customer` VALUES (33, '');
INSERT INTO `customer` VALUES (34, '');
INSERT INTO `customer` VALUES (35, '');
INSERT INTO `customer` VALUES (36, '');
INSERT INTO `customer` VALUES (37, '');
INSERT INTO `customer` VALUES (38, '');
INSERT INTO `customer` VALUES (39, '');
INSERT INTO `customer` VALUES (40, '');
INSERT INTO `customer` VALUES (41, '');
INSERT INTO `customer` VALUES (42, '');
INSERT INTO `customer` VALUES (43, '');
INSERT INTO `customer` VALUES (44, '');
INSERT INTO `customer` VALUES (45, '');
INSERT INTO `customer` VALUES (46, '');
INSERT INTO `customer` VALUES (47, '');
INSERT INTO `customer` VALUES (48, '');
INSERT INTO `customer` VALUES (49, '');
INSERT INTO `customer` VALUES (50, '');
INSERT INTO `customer` VALUES (51, '');
INSERT INTO `customer` VALUES (52, '');
INSERT INTO `customer` VALUES (53, '');
INSERT INTO `customer` VALUES (54, '');
INSERT INTO `customer` VALUES (55, '');

-- --------------------------------------------------------

-- 
-- Table structure for table `customer_balance`
-- 

CREATE TABLE `customer_balance` (
  `customer_id` int(10) unsigned NOT NULL,
  `current_balance` int(11) default NULL,
  PRIMARY KEY  (`customer_id`)
) ENGINE=MyISAM DEFAULT CHARSET=latin1 COLLATE=latin1_general_ci;

-- 
-- Dumping data for table `customer_balance`
-- 

INSERT INTO `customer_balance` VALUES (1, 30350);
INSERT INTO `customer_balance` VALUES (2, 0);
INSERT INTO `customer_balance` VALUES (3, 0);
INSERT INTO `customer_balance` VALUES (4, 410750);
INSERT INTO `customer_balance` VALUES (5, 476750);
INSERT INTO `customer_balance` VALUES (6, 164400);
INSERT INTO `customer_balance` VALUES (7, 27537);
INSERT INTO `customer_balance` VALUES (8, 52900);
INSERT INTO `customer_balance` VALUES (9, 33400);
INSERT INTO `customer_balance` VALUES (10, 18550);
INSERT INTO `customer_balance` VALUES (11, 23200);
INSERT INTO `customer_balance` VALUES (12, 0);
INSERT INTO `customer_balance` VALUES (13, 0);
INSERT INTO `customer_balance` VALUES (14, 30500);
INSERT INTO `customer_balance` VALUES (15, 400);
INSERT INTO `customer_balance` VALUES (16, 0);
INSERT INTO `customer_balance` VALUES (17, 500750);
INSERT INTO `customer_balance` VALUES (18, 414300);
INSERT INTO `customer_balance` VALUES (19, 9580);
INSERT INTO `customer_balance` VALUES (20, 3150);
INSERT INTO `customer_balance` VALUES (21, 26450);
INSERT INTO `customer_balance` VALUES (22, 128930);
INSERT INTO `customer_balance` VALUES (23, 818250);
INSERT INTO `customer_balance` VALUES (24, 94800);
INSERT INTO `customer_balance` VALUES (25, 36050);
INSERT INTO `customer_balance` VALUES (26, 37150);
INSERT INTO `customer_balance` VALUES (27, 43400);
INSERT INTO `customer_balance` VALUES (28, 4450);
INSERT INTO `customer_balance` VALUES (29, 5750);
INSERT INTO `customer_balance` VALUES (30, 6900);
INSERT INTO `customer_balance` VALUES (31, 66);
INSERT INTO `customer_balance` VALUES (32, 27650);
INSERT INTO `customer_balance` VALUES (33, 5450);
INSERT INTO `customer_balance` VALUES (34, 8200);
INSERT INTO `customer_balance` VALUES (35, 4950);
INSERT INTO `customer_balance` VALUES (36, 77350);
INSERT INTO `customer_balance` VALUES (37, 378100);
INSERT INTO `customer_balance` VALUES (38, 49929);
INSERT INTO `customer_balance` VALUES (39, 500000);
INSERT INTO `customer_balance` VALUES (40, 98400);
INSERT INTO `customer_balance` VALUES (41, 1316);
INSERT INTO `customer_balance` VALUES (42, 1109350);
INSERT INTO `customer_balance` VALUES (43, 0);
INSERT INTO `customer_balance` VALUES (44, 11750);
INSERT INTO `customer_balance` VALUES (45, 20400);
INSERT INTO `customer_balance` VALUES (46, 292250);
INSERT INTO `customer_balance` VALUES (47, 435750);
INSERT INTO `customer_balance` VALUES (48, 26650);
INSERT INTO `customer_balance` VALUES (49, 182500);
INSERT INTO `customer_balance` VALUES (50, 500000);
INSERT INTO `customer_balance` VALUES (51, 500000);
INSERT INTO `customer_balance` VALUES (52, 500000);
INSERT INTO `customer_balance` VALUES (53, 500000);
INSERT INTO `customer_balance` VALUES (54, 500000);
INSERT INTO `customer_balance` VALUES (55, 500000);

-- --------------------------------------------------------

-- 
-- Table structure for table `customer_bank_loan`
-- 

CREATE TABLE `customer_bank_loan` (
  `loan_id` int(10) unsigned NOT NULL auto_increment,
  `customer_id` int(10) unsigned NOT NULL,
  `loan_amount` int(10) unsigned default NULL,
  `start_time` timestamp NULL default CURRENT_TIMESTAMP,
  `loan_period` int(10) unsigned default NULL,
  PRIMARY KEY  (`loan_id`)
) ENGINE=MyISAM DEFAULT CHARSET=latin1 COLLATE=latin1_general_ci AUTO_INCREMENT=6 ;

-- 
-- Dumping data for table `customer_bank_loan`
-- 


-- --------------------------------------------------------

-- 
-- Table structure for table `customer_mutual_fund`
-- 

CREATE TABLE `customer_mutual_fund` (
  `customer_id` int(10) unsigned NOT NULL,
  `mutual_fund_balance` double unsigned default NULL,
  PRIMARY KEY  (`customer_id`)
) ENGINE=MyISAM DEFAULT CHARSET=latin1 COLLATE=latin1_general_ci;

-- 
-- Dumping data for table `customer_mutual_fund`
-- 

INSERT INTO `customer_mutual_fund` VALUES (1, 30900);
INSERT INTO `customer_mutual_fund` VALUES (2, 24102);
INSERT INTO `customer_mutual_fund` VALUES (3, 103103);
INSERT INTO `customer_mutual_fund` VALUES (4, 0);
INSERT INTO `customer_mutual_fund` VALUES (5, 151349.436);
INSERT INTO `customer_mutual_fund` VALUES (6, 0);
INSERT INTO `customer_mutual_fund` VALUES (7, 0.302698871971224);
INSERT INTO `customer_mutual_fund` VALUES (8, 0);
INSERT INTO `customer_mutual_fund` VALUES (9, 0);
INSERT INTO `customer_mutual_fund` VALUES (10, 499031.425728814);
INSERT INTO `customer_mutual_fund` VALUES (11, 25721.8366482);
INSERT INTO `customer_mutual_fund` VALUES (12, 566329.40795568);
INSERT INTO `customer_mutual_fund` VALUES (13, 509173.983495292);
INSERT INTO `customer_mutual_fund` VALUES (14, 0);
INSERT INTO `customer_mutual_fund` VALUES (15, 72032.297375292);
INSERT INTO `customer_mutual_fund` VALUES (16, 282295.64261496);
INSERT INTO `customer_mutual_fund` VALUES (17, 0);
INSERT INTO `customer_mutual_fund` VALUES (18, 0);
INSERT INTO `customer_mutual_fund` VALUES (19, 0);
INSERT INTO `customer_mutual_fund` VALUES (20, 0);
INSERT INTO `customer_mutual_fund` VALUES (21, 0);
INSERT INTO `customer_mutual_fund` VALUES (22, 0);
INSERT INTO `customer_mutual_fund` VALUES (23, 0);
INSERT INTO `customer_mutual_fund` VALUES (24, 0);
INSERT INTO `customer_mutual_fund` VALUES (25, 955.940406295204);
INSERT INTO `customer_mutual_fund` VALUES (26, 0);
INSERT INTO `customer_mutual_fund` VALUES (27, 0);
INSERT INTO `customer_mutual_fund` VALUES (28, 31792.1900971752);
INSERT INTO `customer_mutual_fund` VALUES (29, 0);
INSERT INTO `customer_mutual_fund` VALUES (30, 0);
INSERT INTO `customer_mutual_fund` VALUES (31, 0);
INSERT INTO `customer_mutual_fund` VALUES (32, 0);
INSERT INTO `customer_mutual_fund` VALUES (33, 31792.1900971752);
INSERT INTO `customer_mutual_fund` VALUES (34, 0);
INSERT INTO `customer_mutual_fund` VALUES (35, 0);
INSERT INTO `customer_mutual_fund` VALUES (36, 105973.966990584);
INSERT INTO `customer_mutual_fund` VALUES (37, 0);
INSERT INTO `customer_mutual_fund` VALUES (38, 0.100899624005873);
INSERT INTO `customer_mutual_fund` VALUES (39, 0);
INSERT INTO `customer_mutual_fund` VALUES (40, 0);
INSERT INTO `customer_mutual_fund` VALUES (41, 0.210097175199408);
INSERT INTO `customer_mutual_fund` VALUES (42, 0);
INSERT INTO `customer_mutual_fund` VALUES (43, 1888420.76803315);
INSERT INTO `customer_mutual_fund` VALUES (44, 125872.6847);
INSERT INTO `customer_mutual_fund` VALUES (45, 355835.94164);
INSERT INTO `customer_mutual_fund` VALUES (46, 0);
INSERT INTO `customer_mutual_fund` VALUES (47, 730250.62776);
INSERT INTO `customer_mutual_fund` VALUES (48, 0);
INSERT INTO `customer_mutual_fund` VALUES (49, 31792.1900971752);
INSERT INTO `customer_mutual_fund` VALUES (50, 0);
INSERT INTO `customer_mutual_fund` VALUES (51, 0);
INSERT INTO `customer_mutual_fund` VALUES (52, 0);
INSERT INTO `customer_mutual_fund` VALUES (53, 0);
INSERT INTO `customer_mutual_fund` VALUES (54, 0);
INSERT INTO `customer_mutual_fund` VALUES (55, 0);

-- --------------------------------------------------------

-- 
-- Table structure for table `customer_shares_normal`
-- 

CREATE TABLE `customer_shares_normal` (
  `customer_id` int(10) unsigned NOT NULL,
  `company_id` int(10) NOT NULL,
  `no_of_shares` int(10) unsigned default '0',
  PRIMARY KEY  (`customer_id`,`company_id`)
) ENGINE=MyISAM DEFAULT CHARSET=latin1 COLLATE=latin1_general_ci;

-- 
-- Dumping data for table `customer_shares_normal`
-- 

INSERT INTO `customer_shares_normal` VALUES (1, 1, 200);
INSERT INTO `customer_shares_normal` VALUES (1, 2, 100);
INSERT INTO `customer_shares_normal` VALUES (1, 3, 100);
INSERT INTO `customer_shares_normal` VALUES (1, 4, 100);
INSERT INTO `customer_shares_normal` VALUES (1, 5, 100);
INSERT INTO `customer_shares_normal` VALUES (1, 6, 100);
INSERT INTO `customer_shares_normal` VALUES (1, 7, 450);
INSERT INTO `customer_shares_normal` VALUES (1, 8, 100);
INSERT INTO `customer_shares_normal` VALUES (1, 9, 100);
INSERT INTO `customer_shares_normal` VALUES (1, 10, 150);
INSERT INTO `customer_shares_normal` VALUES (1, 11, 700);
INSERT INTO `customer_shares_normal` VALUES (1, 12, 100);
INSERT INTO `customer_shares_normal` VALUES (1, 13, 100);
INSERT INTO `customer_shares_normal` VALUES (1, 14, 100);
INSERT INTO `customer_shares_normal` VALUES (1, 15, 0);
INSERT INTO `customer_shares_normal` VALUES (2, 1, 100);
INSERT INTO `customer_shares_normal` VALUES (2, 2, 650);
INSERT INTO `customer_shares_normal` VALUES (2, 3, 100);
INSERT INTO `customer_shares_normal` VALUES (2, 4, 100);
INSERT INTO `customer_shares_normal` VALUES (2, 5, 100);
INSERT INTO `customer_shares_normal` VALUES (2, 6, 100);
INSERT INTO `customer_shares_normal` VALUES (2, 7, 100);
INSERT INTO `customer_shares_normal` VALUES (2, 8, 300);
INSERT INTO `customer_shares_normal` VALUES (2, 9, 350);
INSERT INTO `customer_shares_normal` VALUES (2, 10, 350);
INSERT INTO `customer_shares_normal` VALUES (2, 11, 100);
INSERT INTO `customer_shares_normal` VALUES (2, 12, 100);
INSERT INTO `customer_shares_normal` VALUES (2, 13, 100);
INSERT INTO `customer_shares_normal` VALUES (2, 14, 1100);
INSERT INTO `customer_shares_normal` VALUES (2, 15, 0);
INSERT INTO `customer_shares_normal` VALUES (3, 1, 100);
INSERT INTO `customer_shares_normal` VALUES (3, 2, 100);
INSERT INTO `customer_shares_normal` VALUES (3, 3, 0);
INSERT INTO `customer_shares_normal` VALUES (3, 4, 100);
INSERT INTO `customer_shares_normal` VALUES (3, 5, 0);
INSERT INTO `customer_shares_normal` VALUES (3, 6, 0);
INSERT INTO `customer_shares_normal` VALUES (3, 7, 0);
INSERT INTO `customer_shares_normal` VALUES (3, 8, 350);
INSERT INTO `customer_shares_normal` VALUES (3, 9, 350);
INSERT INTO `customer_shares_normal` VALUES (3, 10, 500);
INSERT INTO `customer_shares_normal` VALUES (3, 11, 100);
INSERT INTO `customer_shares_normal` VALUES (3, 12, 100);
INSERT INTO `customer_shares_normal` VALUES (3, 13, 100);
INSERT INTO `customer_shares_normal` VALUES (3, 14, 900);
INSERT INTO `customer_shares_normal` VALUES (3, 15, 350);
INSERT INTO `customer_shares_normal` VALUES (4, 1, 0);
INSERT INTO `customer_shares_normal` VALUES (4, 2, 200);
INSERT INTO `customer_shares_normal` VALUES (4, 3, 100);
INSERT INTO `customer_shares_normal` VALUES (4, 4, 100);
INSERT INTO `customer_shares_normal` VALUES (4, 5, 100);
INSERT INTO `customer_shares_normal` VALUES (4, 6, 200);
INSERT INTO `customer_shares_normal` VALUES (4, 7, 0);
INSERT INTO `customer_shares_normal` VALUES (4, 8, 300);
INSERT INTO `customer_shares_normal` VALUES (4, 9, 100);
INSERT INTO `customer_shares_normal` VALUES (4, 10, 0);
INSERT INTO `customer_shares_normal` VALUES (4, 11, 0);
INSERT INTO `customer_shares_normal` VALUES (4, 12, 250);
INSERT INTO `customer_shares_normal` VALUES (4, 13, 200);
INSERT INTO `customer_shares_normal` VALUES (4, 14, 250);
INSERT INTO `customer_shares_normal` VALUES (4, 15, 100);
INSERT INTO `customer_shares_normal` VALUES (5, 1, 0);
INSERT INTO `customer_shares_normal` VALUES (5, 2, 0);
INSERT INTO `customer_shares_normal` VALUES (5, 3, 0);
INSERT INTO `customer_shares_normal` VALUES (5, 4, 100);
INSERT INTO `customer_shares_normal` VALUES (5, 5, 550);
INSERT INTO `customer_shares_normal` VALUES (5, 6, 100);
INSERT INTO `customer_shares_normal` VALUES (5, 7, 0);
INSERT INTO `customer_shares_normal` VALUES (5, 8, 300);
INSERT INTO `customer_shares_normal` VALUES (5, 9, 100);
INSERT INTO `customer_shares_normal` VALUES (5, 10, 0);
INSERT INTO `customer_shares_normal` VALUES (5, 11, 100);
INSERT INTO `customer_shares_normal` VALUES (5, 12, 100);
INSERT INTO `customer_shares_normal` VALUES (5, 13, 100);
INSERT INTO `customer_shares_normal` VALUES (5, 14, 0);
INSERT INTO `customer_shares_normal` VALUES (5, 15, 100);
INSERT INTO `customer_shares_normal` VALUES (6, 1, 100);
INSERT INTO `customer_shares_normal` VALUES (6, 2, 100);
INSERT INTO `customer_shares_normal` VALUES (6, 3, 100);
INSERT INTO `customer_shares_normal` VALUES (6, 4, 100);
INSERT INTO `customer_shares_normal` VALUES (6, 5, 350);
INSERT INTO `customer_shares_normal` VALUES (6, 6, 100);
INSERT INTO `customer_shares_normal` VALUES (6, 7, 0);
INSERT INTO `customer_shares_normal` VALUES (6, 8, 1300);
INSERT INTO `customer_shares_normal` VALUES (6, 9, 100);
INSERT INTO `customer_shares_normal` VALUES (6, 10, 150);
INSERT INTO `customer_shares_normal` VALUES (6, 11, 300);
INSERT INTO `customer_shares_normal` VALUES (6, 12, 100);
INSERT INTO `customer_shares_normal` VALUES (6, 13, 100);
INSERT INTO `customer_shares_normal` VALUES (6, 14, 300);
INSERT INTO `customer_shares_normal` VALUES (6, 15, 100);
INSERT INTO `customer_shares_normal` VALUES (7, 1, 100);
INSERT INTO `customer_shares_normal` VALUES (7, 2, 100);
INSERT INTO `customer_shares_normal` VALUES (7, 3, 0);
INSERT INTO `customer_shares_normal` VALUES (7, 4, 100);
INSERT INTO `customer_shares_normal` VALUES (7, 5, 100);
INSERT INTO `customer_shares_normal` VALUES (7, 6, 0);
INSERT INTO `customer_shares_normal` VALUES (7, 7, 100);
INSERT INTO `customer_shares_normal` VALUES (7, 8, 100);
INSERT INTO `customer_shares_normal` VALUES (7, 9, 100);
INSERT INTO `customer_shares_normal` VALUES (7, 10, 150);
INSERT INTO `customer_shares_normal` VALUES (7, 11, 100);
INSERT INTO `customer_shares_normal` VALUES (7, 12, 100);
INSERT INTO `customer_shares_normal` VALUES (7, 13, 100);
INSERT INTO `customer_shares_normal` VALUES (7, 14, 2200);
INSERT INTO `customer_shares_normal` VALUES (7, 15, 100);
INSERT INTO `customer_shares_normal` VALUES (8, 1, 0);
INSERT INTO `customer_shares_normal` VALUES (8, 2, 100);
INSERT INTO `customer_shares_normal` VALUES (8, 3, 0);
INSERT INTO `customer_shares_normal` VALUES (8, 4, 100);
INSERT INTO `customer_shares_normal` VALUES (8, 5, 350);
INSERT INTO `customer_shares_normal` VALUES (8, 6, 0);
INSERT INTO `customer_shares_normal` VALUES (8, 7, 0);
INSERT INTO `customer_shares_normal` VALUES (8, 8, 100);
INSERT INTO `customer_shares_normal` VALUES (8, 9, 100);
INSERT INTO `customer_shares_normal` VALUES (8, 10, 150);
INSERT INTO `customer_shares_normal` VALUES (8, 11, 1250);
INSERT INTO `customer_shares_normal` VALUES (8, 12, 300);
INSERT INTO `customer_shares_normal` VALUES (8, 13, 100);
INSERT INTO `customer_shares_normal` VALUES (8, 14, 0);
INSERT INTO `customer_shares_normal` VALUES (8, 15, 0);
INSERT INTO `customer_shares_normal` VALUES (9, 1, 0);
INSERT INTO `customer_shares_normal` VALUES (9, 2, 100);
INSERT INTO `customer_shares_normal` VALUES (9, 3, 0);
INSERT INTO `customer_shares_normal` VALUES (9, 4, 100);
INSERT INTO `customer_shares_normal` VALUES (9, 5, 0);
INSERT INTO `customer_shares_normal` VALUES (9, 6, 0);
INSERT INTO `customer_shares_normal` VALUES (9, 7, 0);
INSERT INTO `customer_shares_normal` VALUES (9, 8, 100);
INSERT INTO `customer_shares_normal` VALUES (9, 9, 100);
INSERT INTO `customer_shares_normal` VALUES (9, 10, 0);
INSERT INTO `customer_shares_normal` VALUES (9, 11, 1600);
INSERT INTO `customer_shares_normal` VALUES (9, 12, 0);
INSERT INTO `customer_shares_normal` VALUES (9, 13, 0);
INSERT INTO `customer_shares_normal` VALUES (9, 14, 0);
INSERT INTO `customer_shares_normal` VALUES (9, 15, 300);
INSERT INTO `customer_shares_normal` VALUES (10, 1, 600);
INSERT INTO `customer_shares_normal` VALUES (10, 2, 100);
INSERT INTO `customer_shares_normal` VALUES (10, 3, 0);
INSERT INTO `customer_shares_normal` VALUES (10, 4, 0);
INSERT INTO `customer_shares_normal` VALUES (10, 5, 350);
INSERT INTO `customer_shares_normal` VALUES (10, 6, 0);
INSERT INTO `customer_shares_normal` VALUES (10, 7, 0);
INSERT INTO `customer_shares_normal` VALUES (10, 8, 600);
INSERT INTO `customer_shares_normal` VALUES (10, 9, 0);
INSERT INTO `customer_shares_normal` VALUES (10, 10, 250);
INSERT INTO `customer_shares_normal` VALUES (10, 11, 0);
INSERT INTO `customer_shares_normal` VALUES (10, 12, 0);
INSERT INTO `customer_shares_normal` VALUES (10, 13, 0);
INSERT INTO `customer_shares_normal` VALUES (10, 14, 100);
INSERT INTO `customer_shares_normal` VALUES (10, 15, 0);
INSERT INTO `customer_shares_normal` VALUES (11, 1, 0);
INSERT INTO `customer_shares_normal` VALUES (11, 2, 0);
INSERT INTO `customer_shares_normal` VALUES (11, 3, 0);
INSERT INTO `customer_shares_normal` VALUES (11, 4, 0);
INSERT INTO `customer_shares_normal` VALUES (11, 5, 0);
INSERT INTO `customer_shares_normal` VALUES (11, 6, 0);
INSERT INTO `customer_shares_normal` VALUES (11, 7, 0);
INSERT INTO `customer_shares_normal` VALUES (11, 8, 3850);
INSERT INTO `customer_shares_normal` VALUES (11, 9, 100);
INSERT INTO `customer_shares_normal` VALUES (11, 10, 900);
INSERT INTO `customer_shares_normal` VALUES (11, 11, 0);
INSERT INTO `customer_shares_normal` VALUES (11, 12, 0);
INSERT INTO `customer_shares_normal` VALUES (11, 13, 0);
INSERT INTO `customer_shares_normal` VALUES (11, 14, 0);
INSERT INTO `customer_shares_normal` VALUES (11, 15, 0);
INSERT INTO `customer_shares_normal` VALUES (12, 1, 100);
INSERT INTO `customer_shares_normal` VALUES (12, 2, 100);
INSERT INTO `customer_shares_normal` VALUES (12, 3, 100);
INSERT INTO `customer_shares_normal` VALUES (12, 4, 100);
INSERT INTO `customer_shares_normal` VALUES (12, 5, 100);
INSERT INTO `customer_shares_normal` VALUES (12, 6, 50);
INSERT INTO `customer_shares_normal` VALUES (12, 7, 0);
INSERT INTO `customer_shares_normal` VALUES (12, 8, 100);
INSERT INTO `customer_shares_normal` VALUES (12, 9, 100);
INSERT INTO `customer_shares_normal` VALUES (12, 10, 150);
INSERT INTO `customer_shares_normal` VALUES (12, 11, 100);
INSERT INTO `customer_shares_normal` VALUES (12, 12, 100);
INSERT INTO `customer_shares_normal` VALUES (12, 13, 350);
INSERT INTO `customer_shares_normal` VALUES (12, 14, 0);
INSERT INTO `customer_shares_normal` VALUES (12, 15, 0);
INSERT INTO `customer_shares_normal` VALUES (13, 1, 0);
INSERT INTO `customer_shares_normal` VALUES (13, 2, 100);
INSERT INTO `customer_shares_normal` VALUES (13, 3, 100);
INSERT INTO `customer_shares_normal` VALUES (13, 4, 0);
INSERT INTO `customer_shares_normal` VALUES (13, 5, 550);
INSERT INTO `customer_shares_normal` VALUES (13, 6, 100);
INSERT INTO `customer_shares_normal` VALUES (13, 7, 100);
INSERT INTO `customer_shares_normal` VALUES (13, 8, 100);
INSERT INTO `customer_shares_normal` VALUES (13, 9, 100);
INSERT INTO `customer_shares_normal` VALUES (13, 10, 150);
INSERT INTO `customer_shares_normal` VALUES (13, 11, 0);
INSERT INTO `customer_shares_normal` VALUES (13, 12, 100);
INSERT INTO `customer_shares_normal` VALUES (13, 13, 100);
INSERT INTO `customer_shares_normal` VALUES (13, 14, 100);
INSERT INTO `customer_shares_normal` VALUES (13, 15, 100);
INSERT INTO `customer_shares_normal` VALUES (14, 1, 100);
INSERT INTO `customer_shares_normal` VALUES (14, 2, 100);
INSERT INTO `customer_shares_normal` VALUES (14, 3, 0);
INSERT INTO `customer_shares_normal` VALUES (14, 4, 100);
INSERT INTO `customer_shares_normal` VALUES (14, 5, 150);
INSERT INTO `customer_shares_normal` VALUES (14, 6, 100);
INSERT INTO `customer_shares_normal` VALUES (14, 7, 200);
INSERT INTO `customer_shares_normal` VALUES (14, 8, 600);
INSERT INTO `customer_shares_normal` VALUES (14, 9, 100);
INSERT INTO `customer_shares_normal` VALUES (14, 10, 225);
INSERT INTO `customer_shares_normal` VALUES (14, 11, 600);
INSERT INTO `customer_shares_normal` VALUES (14, 12, 100);
INSERT INTO `customer_shares_normal` VALUES (14, 13, 100);
INSERT INTO `customer_shares_normal` VALUES (14, 14, 350);
INSERT INTO `customer_shares_normal` VALUES (14, 15, 100);
INSERT INTO `customer_shares_normal` VALUES (15, 1, 100);
INSERT INTO `customer_shares_normal` VALUES (15, 2, 200);
INSERT INTO `customer_shares_normal` VALUES (15, 3, 100);
INSERT INTO `customer_shares_normal` VALUES (15, 4, 100);
INSERT INTO `customer_shares_normal` VALUES (15, 5, 250);
INSERT INTO `customer_shares_normal` VALUES (15, 6, 100);
INSERT INTO `customer_shares_normal` VALUES (15, 7, 100);
INSERT INTO `customer_shares_normal` VALUES (15, 8, 200);
INSERT INTO `customer_shares_normal` VALUES (15, 9, 100);
INSERT INTO `customer_shares_normal` VALUES (15, 10, 475);
INSERT INTO `customer_shares_normal` VALUES (15, 11, 650);
INSERT INTO `customer_shares_normal` VALUES (15, 12, 0);
INSERT INTO `customer_shares_normal` VALUES (15, 13, 100);
INSERT INTO `customer_shares_normal` VALUES (15, 14, 200);
INSERT INTO `customer_shares_normal` VALUES (15, 15, 100);
INSERT INTO `customer_shares_normal` VALUES (16, 1, 100);
INSERT INTO `customer_shares_normal` VALUES (16, 2, 50);
INSERT INTO `customer_shares_normal` VALUES (16, 3, 100);
INSERT INTO `customer_shares_normal` VALUES (16, 4, 200);
INSERT INTO `customer_shares_normal` VALUES (16, 5, 300);
INSERT INTO `customer_shares_normal` VALUES (16, 6, 50);
INSERT INTO `customer_shares_normal` VALUES (16, 7, 100);
INSERT INTO `customer_shares_normal` VALUES (16, 8, 100);
INSERT INTO `customer_shares_normal` VALUES (16, 9, 100);
INSERT INTO `customer_shares_normal` VALUES (16, 10, 150);
INSERT INTO `customer_shares_normal` VALUES (16, 11, 450);
INSERT INTO `customer_shares_normal` VALUES (16, 12, 200);
INSERT INTO `customer_shares_normal` VALUES (16, 13, 100);
INSERT INTO `customer_shares_normal` VALUES (16, 14, 100);
INSERT INTO `customer_shares_normal` VALUES (16, 15, 100);
INSERT INTO `customer_shares_normal` VALUES (17, 1, 100);
INSERT INTO `customer_shares_normal` VALUES (17, 2, 100);
INSERT INTO `customer_shares_normal` VALUES (17, 3, 100);
INSERT INTO `customer_shares_normal` VALUES (17, 4, 100);
INSERT INTO `customer_shares_normal` VALUES (17, 5, 150);
INSERT INTO `customer_shares_normal` VALUES (17, 6, 100);
INSERT INTO `customer_shares_normal` VALUES (17, 7, 100);
INSERT INTO `customer_shares_normal` VALUES (17, 8, 100);
INSERT INTO `customer_shares_normal` VALUES (17, 9, 100);
INSERT INTO `customer_shares_normal` VALUES (17, 10, 150);
INSERT INTO `customer_shares_normal` VALUES (17, 11, 100);
INSERT INTO `customer_shares_normal` VALUES (17, 12, 100);
INSERT INTO `customer_shares_normal` VALUES (17, 13, 100);
INSERT INTO `customer_shares_normal` VALUES (17, 14, 100);
INSERT INTO `customer_shares_normal` VALUES (17, 15, 100);
INSERT INTO `customer_shares_normal` VALUES (18, 1, 50);
INSERT INTO `customer_shares_normal` VALUES (18, 2, 100);
INSERT INTO `customer_shares_normal` VALUES (18, 3, 100);
INSERT INTO `customer_shares_normal` VALUES (18, 4, 100);
INSERT INTO `customer_shares_normal` VALUES (18, 5, 0);
INSERT INTO `customer_shares_normal` VALUES (18, 6, 100);
INSERT INTO `customer_shares_normal` VALUES (18, 7, 150);
INSERT INTO `customer_shares_normal` VALUES (18, 8, 100);
INSERT INTO `customer_shares_normal` VALUES (18, 9, 150);
INSERT INTO `customer_shares_normal` VALUES (18, 10, 150);
INSERT INTO `customer_shares_normal` VALUES (18, 11, 100);
INSERT INTO `customer_shares_normal` VALUES (18, 12, 100);
INSERT INTO `customer_shares_normal` VALUES (18, 13, 100);
INSERT INTO `customer_shares_normal` VALUES (18, 14, 100);
INSERT INTO `customer_shares_normal` VALUES (18, 15, 250);
INSERT INTO `customer_shares_normal` VALUES (19, 1, 0);
INSERT INTO `customer_shares_normal` VALUES (19, 2, 100);
INSERT INTO `customer_shares_normal` VALUES (19, 3, 0);
INSERT INTO `customer_shares_normal` VALUES (19, 4, 0);
INSERT INTO `customer_shares_normal` VALUES (19, 5, 100);
INSERT INTO `customer_shares_normal` VALUES (19, 6, 0);
INSERT INTO `customer_shares_normal` VALUES (19, 7, 100);
INSERT INTO `customer_shares_normal` VALUES (19, 8, 1850);
INSERT INTO `customer_shares_normal` VALUES (19, 9, 100);
INSERT INTO `customer_shares_normal` VALUES (19, 10, 0);
INSERT INTO `customer_shares_normal` VALUES (19, 11, 460);
INSERT INTO `customer_shares_normal` VALUES (19, 12, 100);
INSERT INTO `customer_shares_normal` VALUES (19, 13, 0);
INSERT INTO `customer_shares_normal` VALUES (19, 14, 600);
INSERT INTO `customer_shares_normal` VALUES (19, 15, 100);
INSERT INTO `customer_shares_normal` VALUES (20, 1, 0);
INSERT INTO `customer_shares_normal` VALUES (20, 2, 0);
INSERT INTO `customer_shares_normal` VALUES (20, 3, 0);
INSERT INTO `customer_shares_normal` VALUES (20, 4, 0);
INSERT INTO `customer_shares_normal` VALUES (20, 5, 0);
INSERT INTO `customer_shares_normal` VALUES (20, 6, 0);
INSERT INTO `customer_shares_normal` VALUES (20, 7, 0);
INSERT INTO `customer_shares_normal` VALUES (20, 8, 1000);
INSERT INTO `customer_shares_normal` VALUES (20, 9, 0);
INSERT INTO `customer_shares_normal` VALUES (20, 10, 0);
INSERT INTO `customer_shares_normal` VALUES (20, 11, 650);
INSERT INTO `customer_shares_normal` VALUES (20, 12, 100);
INSERT INTO `customer_shares_normal` VALUES (20, 13, 100);
INSERT INTO `customer_shares_normal` VALUES (20, 14, 0);
INSERT INTO `customer_shares_normal` VALUES (20, 15, 950);
INSERT INTO `customer_shares_normal` VALUES (21, 1, 0);
INSERT INTO `customer_shares_normal` VALUES (21, 2, 0);
INSERT INTO `customer_shares_normal` VALUES (21, 3, 600);
INSERT INTO `customer_shares_normal` VALUES (21, 4, 300);
INSERT INTO `customer_shares_normal` VALUES (21, 5, 0);
INSERT INTO `customer_shares_normal` VALUES (21, 6, 300);
INSERT INTO `customer_shares_normal` VALUES (21, 7, 300);
INSERT INTO `customer_shares_normal` VALUES (21, 8, 500);
INSERT INTO `customer_shares_normal` VALUES (21, 9, 0);
INSERT INTO `customer_shares_normal` VALUES (21, 10, 50);
INSERT INTO `customer_shares_normal` VALUES (21, 11, 100);
INSERT INTO `customer_shares_normal` VALUES (21, 12, 0);
INSERT INTO `customer_shares_normal` VALUES (21, 13, 100);
INSERT INTO `customer_shares_normal` VALUES (21, 14, 900);
INSERT INTO `customer_shares_normal` VALUES (21, 15, 0);
INSERT INTO `customer_shares_normal` VALUES (22, 1, 0);
INSERT INTO `customer_shares_normal` VALUES (22, 2, 0);
INSERT INTO `customer_shares_normal` VALUES (22, 3, 0);
INSERT INTO `customer_shares_normal` VALUES (22, 4, 100);
INSERT INTO `customer_shares_normal` VALUES (22, 5, 400);
INSERT INTO `customer_shares_normal` VALUES (22, 6, 0);
INSERT INTO `customer_shares_normal` VALUES (22, 7, 0);
INSERT INTO `customer_shares_normal` VALUES (22, 8, 0);
INSERT INTO `customer_shares_normal` VALUES (22, 9, 0);
INSERT INTO `customer_shares_normal` VALUES (22, 10, 0);
INSERT INTO `customer_shares_normal` VALUES (22, 11, 400);
INSERT INTO `customer_shares_normal` VALUES (22, 12, 0);
INSERT INTO `customer_shares_normal` VALUES (22, 13, 100);
INSERT INTO `customer_shares_normal` VALUES (22, 14, 0);
INSERT INTO `customer_shares_normal` VALUES (22, 15, 1000);
INSERT INTO `customer_shares_normal` VALUES (23, 1, 0);
INSERT INTO `customer_shares_normal` VALUES (23, 2, 100);
INSERT INTO `customer_shares_normal` VALUES (23, 3, 100);
INSERT INTO `customer_shares_normal` VALUES (23, 4, 0);
INSERT INTO `customer_shares_normal` VALUES (23, 5, 200);
INSERT INTO `customer_shares_normal` VALUES (23, 6, 100);
INSERT INTO `customer_shares_normal` VALUES (23, 7, 0);
INSERT INTO `customer_shares_normal` VALUES (23, 8, 100);
INSERT INTO `customer_shares_normal` VALUES (23, 9, 0);
INSERT INTO `customer_shares_normal` VALUES (23, 10, 150);
INSERT INTO `customer_shares_normal` VALUES (23, 11, 0);
INSERT INTO `customer_shares_normal` VALUES (23, 12, 100);
INSERT INTO `customer_shares_normal` VALUES (23, 13, 100);
INSERT INTO `customer_shares_normal` VALUES (23, 14, 0);
INSERT INTO `customer_shares_normal` VALUES (23, 15, 100);
INSERT INTO `customer_shares_normal` VALUES (24, 1, 100);
INSERT INTO `customer_shares_normal` VALUES (24, 2, 100);
INSERT INTO `customer_shares_normal` VALUES (24, 3, 100);
INSERT INTO `customer_shares_normal` VALUES (24, 4, 100);
INSERT INTO `customer_shares_normal` VALUES (24, 5, 100);
INSERT INTO `customer_shares_normal` VALUES (24, 6, 100);
INSERT INTO `customer_shares_normal` VALUES (24, 7, 350);
INSERT INTO `customer_shares_normal` VALUES (24, 8, 450);
INSERT INTO `customer_shares_normal` VALUES (24, 9, 100);
INSERT INTO `customer_shares_normal` VALUES (24, 10, 1125);
INSERT INTO `customer_shares_normal` VALUES (24, 11, 100);
INSERT INTO `customer_shares_normal` VALUES (24, 12, 100);
INSERT INTO `customer_shares_normal` VALUES (24, 13, 100);
INSERT INTO `customer_shares_normal` VALUES (24, 14, 100);
INSERT INTO `customer_shares_normal` VALUES (24, 15, 100);
INSERT INTO `customer_shares_normal` VALUES (25, 1, 0);
INSERT INTO `customer_shares_normal` VALUES (25, 2, 150);
INSERT INTO `customer_shares_normal` VALUES (25, 3, 600);
INSERT INTO `customer_shares_normal` VALUES (25, 4, 100);
INSERT INTO `customer_shares_normal` VALUES (25, 5, 400);
INSERT INTO `customer_shares_normal` VALUES (25, 6, 100);
INSERT INTO `customer_shares_normal` VALUES (25, 7, 450);
INSERT INTO `customer_shares_normal` VALUES (25, 8, 0);
INSERT INTO `customer_shares_normal` VALUES (25, 9, 450);
INSERT INTO `customer_shares_normal` VALUES (25, 10, 200);
INSERT INTO `customer_shares_normal` VALUES (25, 11, 0);
INSERT INTO `customer_shares_normal` VALUES (25, 12, 100);
INSERT INTO `customer_shares_normal` VALUES (25, 13, 100);
INSERT INTO `customer_shares_normal` VALUES (25, 14, 0);
INSERT INTO `customer_shares_normal` VALUES (25, 15, 100);
INSERT INTO `customer_shares_normal` VALUES (26, 1, 100);
INSERT INTO `customer_shares_normal` VALUES (26, 2, 100);
INSERT INTO `customer_shares_normal` VALUES (26, 3, 0);
INSERT INTO `customer_shares_normal` VALUES (26, 4, 100);
INSERT INTO `customer_shares_normal` VALUES (26, 5, 0);
INSERT INTO `customer_shares_normal` VALUES (26, 6, 0);
INSERT INTO `customer_shares_normal` VALUES (26, 7, 50);
INSERT INTO `customer_shares_normal` VALUES (26, 8, 100);
INSERT INTO `customer_shares_normal` VALUES (26, 9, 100);
INSERT INTO `customer_shares_normal` VALUES (26, 10, 150);
INSERT INTO `customer_shares_normal` VALUES (26, 11, 1750);
INSERT INTO `customer_shares_normal` VALUES (26, 12, 0);
INSERT INTO `customer_shares_normal` VALUES (26, 13, 100);
INSERT INTO `customer_shares_normal` VALUES (26, 14, 100);
INSERT INTO `customer_shares_normal` VALUES (26, 15, 100);
INSERT INTO `customer_shares_normal` VALUES (27, 1, 0);
INSERT INTO `customer_shares_normal` VALUES (27, 2, 0);
INSERT INTO `customer_shares_normal` VALUES (27, 3, 0);
INSERT INTO `customer_shares_normal` VALUES (27, 4, 100);
INSERT INTO `customer_shares_normal` VALUES (27, 5, 0);
INSERT INTO `customer_shares_normal` VALUES (27, 6, 0);
INSERT INTO `customer_shares_normal` VALUES (27, 7, 0);
INSERT INTO `customer_shares_normal` VALUES (27, 8, 2100);
INSERT INTO `customer_shares_normal` VALUES (27, 9, 0);
INSERT INTO `customer_shares_normal` VALUES (27, 10, 50);
INSERT INTO `customer_shares_normal` VALUES (27, 11, 1100);
INSERT INTO `customer_shares_normal` VALUES (27, 12, 100);
INSERT INTO `customer_shares_normal` VALUES (27, 13, 100);
INSERT INTO `customer_shares_normal` VALUES (27, 14, 100);
INSERT INTO `customer_shares_normal` VALUES (27, 15, 0);
INSERT INTO `customer_shares_normal` VALUES (28, 1, 0);
INSERT INTO `customer_shares_normal` VALUES (28, 2, 100);
INSERT INTO `customer_shares_normal` VALUES (28, 3, 0);
INSERT INTO `customer_shares_normal` VALUES (28, 4, 100);
INSERT INTO `customer_shares_normal` VALUES (28, 5, 0);
INSERT INTO `customer_shares_normal` VALUES (28, 6, 100);
INSERT INTO `customer_shares_normal` VALUES (28, 7, 0);
INSERT INTO `customer_shares_normal` VALUES (28, 8, 150);
INSERT INTO `customer_shares_normal` VALUES (28, 9, 0);
INSERT INTO `customer_shares_normal` VALUES (28, 10, 0);
INSERT INTO `customer_shares_normal` VALUES (28, 11, 2050);
INSERT INTO `customer_shares_normal` VALUES (28, 12, 100);
INSERT INTO `customer_shares_normal` VALUES (28, 13, 100);
INSERT INTO `customer_shares_normal` VALUES (28, 14, 0);
INSERT INTO `customer_shares_normal` VALUES (28, 15, 100);
INSERT INTO `customer_shares_normal` VALUES (29, 1, 100);
INSERT INTO `customer_shares_normal` VALUES (29, 2, 100);
INSERT INTO `customer_shares_normal` VALUES (29, 3, 100);
INSERT INTO `customer_shares_normal` VALUES (29, 4, 100);
INSERT INTO `customer_shares_normal` VALUES (29, 5, 100);
INSERT INTO `customer_shares_normal` VALUES (29, 6, 100);
INSERT INTO `customer_shares_normal` VALUES (29, 7, 350);
INSERT INTO `customer_shares_normal` VALUES (29, 8, 200);
INSERT INTO `customer_shares_normal` VALUES (29, 9, 100);
INSERT INTO `customer_shares_normal` VALUES (29, 10, 1700);
INSERT INTO `customer_shares_normal` VALUES (29, 11, 100);
INSERT INTO `customer_shares_normal` VALUES (29, 12, 100);
INSERT INTO `customer_shares_normal` VALUES (29, 13, 100);
INSERT INTO `customer_shares_normal` VALUES (29, 14, 100);
INSERT INTO `customer_shares_normal` VALUES (29, 15, 100);
INSERT INTO `customer_shares_normal` VALUES (30, 1, 100);
INSERT INTO `customer_shares_normal` VALUES (30, 2, 100);
INSERT INTO `customer_shares_normal` VALUES (30, 3, 100);
INSERT INTO `customer_shares_normal` VALUES (30, 4, 100);
INSERT INTO `customer_shares_normal` VALUES (30, 5, 0);
INSERT INTO `customer_shares_normal` VALUES (30, 6, 100);
INSERT INTO `customer_shares_normal` VALUES (30, 7, 450);
INSERT INTO `customer_shares_normal` VALUES (30, 8, 200);
INSERT INTO `customer_shares_normal` VALUES (30, 9, 100);
INSERT INTO `customer_shares_normal` VALUES (30, 10, 1150);
INSERT INTO `customer_shares_normal` VALUES (30, 11, 100);
INSERT INTO `customer_shares_normal` VALUES (30, 12, 100);
INSERT INTO `customer_shares_normal` VALUES (30, 13, 100);
INSERT INTO `customer_shares_normal` VALUES (30, 14, 200);
INSERT INTO `customer_shares_normal` VALUES (30, 15, 100);
INSERT INTO `customer_shares_normal` VALUES (31, 1, 0);
INSERT INTO `customer_shares_normal` VALUES (31, 2, 0);
INSERT INTO `customer_shares_normal` VALUES (31, 3, 0);
INSERT INTO `customer_shares_normal` VALUES (31, 4, 0);
INSERT INTO `customer_shares_normal` VALUES (31, 5, 0);
INSERT INTO `customer_shares_normal` VALUES (31, 6, 0);
INSERT INTO `customer_shares_normal` VALUES (31, 7, 0);
INSERT INTO `customer_shares_normal` VALUES (31, 8, 0);
INSERT INTO `customer_shares_normal` VALUES (31, 9, 0);
INSERT INTO `customer_shares_normal` VALUES (31, 10, 0);
INSERT INTO `customer_shares_normal` VALUES (31, 11, 2874);
INSERT INTO `customer_shares_normal` VALUES (31, 12, 0);
INSERT INTO `customer_shares_normal` VALUES (31, 13, 0);
INSERT INTO `customer_shares_normal` VALUES (31, 14, 0);
INSERT INTO `customer_shares_normal` VALUES (31, 15, 0);
INSERT INTO `customer_shares_normal` VALUES (32, 1, 0);
INSERT INTO `customer_shares_normal` VALUES (32, 2, 0);
INSERT INTO `customer_shares_normal` VALUES (32, 3, 0);
INSERT INTO `customer_shares_normal` VALUES (32, 4, 100);
INSERT INTO `customer_shares_normal` VALUES (32, 5, 0);
INSERT INTO `customer_shares_normal` VALUES (32, 6, 100);
INSERT INTO `customer_shares_normal` VALUES (32, 7, 0);
INSERT INTO `customer_shares_normal` VALUES (32, 8, 0);
INSERT INTO `customer_shares_normal` VALUES (32, 9, 0);
INSERT INTO `customer_shares_normal` VALUES (32, 10, 150);
INSERT INTO `customer_shares_normal` VALUES (32, 11, 2200);
INSERT INTO `customer_shares_normal` VALUES (32, 12, 0);
INSERT INTO `customer_shares_normal` VALUES (32, 13, 0);
INSERT INTO `customer_shares_normal` VALUES (32, 14, 100);
INSERT INTO `customer_shares_normal` VALUES (32, 15, 0);
INSERT INTO `customer_shares_normal` VALUES (33, 1, 0);
INSERT INTO `customer_shares_normal` VALUES (33, 2, 100);
INSERT INTO `customer_shares_normal` VALUES (33, 3, 100);
INSERT INTO `customer_shares_normal` VALUES (33, 4, 100);
INSERT INTO `customer_shares_normal` VALUES (33, 5, 100);
INSERT INTO `customer_shares_normal` VALUES (33, 6, 100);
INSERT INTO `customer_shares_normal` VALUES (33, 7, 0);
INSERT INTO `customer_shares_normal` VALUES (33, 8, 100);
INSERT INTO `customer_shares_normal` VALUES (33, 9, 100);
INSERT INTO `customer_shares_normal` VALUES (33, 10, 75);
INSERT INTO `customer_shares_normal` VALUES (33, 11, 1550);
INSERT INTO `customer_shares_normal` VALUES (33, 12, 100);
INSERT INTO `customer_shares_normal` VALUES (33, 13, 100);
INSERT INTO `customer_shares_normal` VALUES (33, 14, 100);
INSERT INTO `customer_shares_normal` VALUES (33, 15, 0);
INSERT INTO `customer_shares_normal` VALUES (34, 1, 100);
INSERT INTO `customer_shares_normal` VALUES (34, 2, 0);
INSERT INTO `customer_shares_normal` VALUES (34, 3, 100);
INSERT INTO `customer_shares_normal` VALUES (34, 4, 0);
INSERT INTO `customer_shares_normal` VALUES (34, 5, 100);
INSERT INTO `customer_shares_normal` VALUES (34, 6, 100);
INSERT INTO `customer_shares_normal` VALUES (34, 7, 100);
INSERT INTO `customer_shares_normal` VALUES (34, 8, 0);
INSERT INTO `customer_shares_normal` VALUES (34, 9, 100);
INSERT INTO `customer_shares_normal` VALUES (34, 10, 150);
INSERT INTO `customer_shares_normal` VALUES (34, 11, 1800);
INSERT INTO `customer_shares_normal` VALUES (34, 12, 100);
INSERT INTO `customer_shares_normal` VALUES (34, 13, 100);
INSERT INTO `customer_shares_normal` VALUES (34, 14, 100);
INSERT INTO `customer_shares_normal` VALUES (34, 15, 100);
INSERT INTO `customer_shares_normal` VALUES (35, 1, 0);
INSERT INTO `customer_shares_normal` VALUES (35, 2, 100);
INSERT INTO `customer_shares_normal` VALUES (35, 3, 0);
INSERT INTO `customer_shares_normal` VALUES (35, 4, 100);
INSERT INTO `customer_shares_normal` VALUES (35, 5, 100);
INSERT INTO `customer_shares_normal` VALUES (35, 6, 100);
INSERT INTO `customer_shares_normal` VALUES (35, 7, 100);
INSERT INTO `customer_shares_normal` VALUES (35, 8, 800);
INSERT INTO `customer_shares_normal` VALUES (35, 9, 100);
INSERT INTO `customer_shares_normal` VALUES (35, 10, 150);
INSERT INTO `customer_shares_normal` VALUES (35, 11, 1100);
INSERT INTO `customer_shares_normal` VALUES (35, 12, 100);
INSERT INTO `customer_shares_normal` VALUES (35, 13, 100);
INSERT INTO `customer_shares_normal` VALUES (35, 14, 100);
INSERT INTO `customer_shares_normal` VALUES (35, 15, 100);
INSERT INTO `customer_shares_normal` VALUES (36, 1, 350);
INSERT INTO `customer_shares_normal` VALUES (36, 2, 600);
INSERT INTO `customer_shares_normal` VALUES (36, 3, 0);
INSERT INTO `customer_shares_normal` VALUES (36, 4, 100);
INSERT INTO `customer_shares_normal` VALUES (36, 5, 100);
INSERT INTO `customer_shares_normal` VALUES (36, 6, 100);
INSERT INTO `customer_shares_normal` VALUES (36, 7, 400);
INSERT INTO `customer_shares_normal` VALUES (36, 8, 100);
INSERT INTO `customer_shares_normal` VALUES (36, 9, 100);
INSERT INTO `customer_shares_normal` VALUES (36, 10, 0);
INSERT INTO `customer_shares_normal` VALUES (36, 11, 550);
INSERT INTO `customer_shares_normal` VALUES (36, 12, 100);
INSERT INTO `customer_shares_normal` VALUES (36, 13, 100);
INSERT INTO `customer_shares_normal` VALUES (36, 14, 100);
INSERT INTO `customer_shares_normal` VALUES (36, 15, 100);
INSERT INTO `customer_shares_normal` VALUES (37, 1, 50);
INSERT INTO `customer_shares_normal` VALUES (37, 2, 100);
INSERT INTO `customer_shares_normal` VALUES (37, 3, 0);
INSERT INTO `customer_shares_normal` VALUES (37, 4, 100);
INSERT INTO `customer_shares_normal` VALUES (37, 5, 350);
INSERT INTO `customer_shares_normal` VALUES (37, 6, 0);
INSERT INTO `customer_shares_normal` VALUES (37, 7, 0);
INSERT INTO `customer_shares_normal` VALUES (37, 8, 600);
INSERT INTO `customer_shares_normal` VALUES (37, 9, 100);
INSERT INTO `customer_shares_normal` VALUES (37, 10, 150);
INSERT INTO `customer_shares_normal` VALUES (37, 11, 100);
INSERT INTO `customer_shares_normal` VALUES (37, 12, 100);
INSERT INTO `customer_shares_normal` VALUES (37, 13, 100);
INSERT INTO `customer_shares_normal` VALUES (37, 14, 350);
INSERT INTO `customer_shares_normal` VALUES (37, 15, 100);
INSERT INTO `customer_shares_normal` VALUES (38, 1, 50);
INSERT INTO `customer_shares_normal` VALUES (38, 2, 0);
INSERT INTO `customer_shares_normal` VALUES (38, 3, 0);
INSERT INTO `customer_shares_normal` VALUES (38, 4, 0);
INSERT INTO `customer_shares_normal` VALUES (38, 5, 100);
INSERT INTO `customer_shares_normal` VALUES (38, 6, 0);
INSERT INTO `customer_shares_normal` VALUES (38, 7, 100);
INSERT INTO `customer_shares_normal` VALUES (38, 8, 1100);
INSERT INTO `customer_shares_normal` VALUES (38, 9, 100);
INSERT INTO `customer_shares_normal` VALUES (38, 10, 350);
INSERT INTO `customer_shares_normal` VALUES (38, 11, 500);
INSERT INTO `customer_shares_normal` VALUES (38, 12, 100);
INSERT INTO `customer_shares_normal` VALUES (38, 13, 100);
INSERT INTO `customer_shares_normal` VALUES (38, 14, 1000);
INSERT INTO `customer_shares_normal` VALUES (38, 15, 0);
INSERT INTO `customer_shares_normal` VALUES (39, 1, 100);
INSERT INTO `customer_shares_normal` VALUES (39, 2, 100);
INSERT INTO `customer_shares_normal` VALUES (39, 3, 100);
INSERT INTO `customer_shares_normal` VALUES (39, 4, 100);
INSERT INTO `customer_shares_normal` VALUES (39, 5, 100);
INSERT INTO `customer_shares_normal` VALUES (39, 6, 100);
INSERT INTO `customer_shares_normal` VALUES (39, 7, 100);
INSERT INTO `customer_shares_normal` VALUES (39, 8, 100);
INSERT INTO `customer_shares_normal` VALUES (39, 9, 100);
INSERT INTO `customer_shares_normal` VALUES (39, 10, 150);
INSERT INTO `customer_shares_normal` VALUES (39, 11, 100);
INSERT INTO `customer_shares_normal` VALUES (39, 12, 100);
INSERT INTO `customer_shares_normal` VALUES (39, 13, 100);
INSERT INTO `customer_shares_normal` VALUES (39, 14, 100);
INSERT INTO `customer_shares_normal` VALUES (39, 15, 100);
INSERT INTO `customer_shares_normal` VALUES (40, 1, 100);
INSERT INTO `customer_shares_normal` VALUES (40, 2, 100);
INSERT INTO `customer_shares_normal` VALUES (40, 3, 100);
INSERT INTO `customer_shares_normal` VALUES (40, 4, 100);
INSERT INTO `customer_shares_normal` VALUES (40, 5, 100);
INSERT INTO `customer_shares_normal` VALUES (40, 6, 100);
INSERT INTO `customer_shares_normal` VALUES (40, 7, 100);
INSERT INTO `customer_shares_normal` VALUES (40, 8, 100);
INSERT INTO `customer_shares_normal` VALUES (40, 9, 0);
INSERT INTO `customer_shares_normal` VALUES (40, 10, 0);
INSERT INTO `customer_shares_normal` VALUES (40, 11, 1100);
INSERT INTO `customer_shares_normal` VALUES (40, 12, 100);
INSERT INTO `customer_shares_normal` VALUES (40, 13, 100);
INSERT INTO `customer_shares_normal` VALUES (40, 14, 100);
INSERT INTO `customer_shares_normal` VALUES (40, 15, 100);
INSERT INTO `customer_shares_normal` VALUES (41, 1, 50);
INSERT INTO `customer_shares_normal` VALUES (41, 2, 100);
INSERT INTO `customer_shares_normal` VALUES (41, 3, 150);
INSERT INTO `customer_shares_normal` VALUES (41, 4, 100);
INSERT INTO `customer_shares_normal` VALUES (41, 5, 100);
INSERT INTO `customer_shares_normal` VALUES (41, 6, 100);
INSERT INTO `customer_shares_normal` VALUES (41, 7, 250);
INSERT INTO `customer_shares_normal` VALUES (41, 8, 100);
INSERT INTO `customer_shares_normal` VALUES (41, 9, 0);
INSERT INTO `customer_shares_normal` VALUES (41, 10, 150);
INSERT INTO `customer_shares_normal` VALUES (41, 11, 1350);
INSERT INTO `customer_shares_normal` VALUES (41, 12, 100);
INSERT INTO `customer_shares_normal` VALUES (41, 13, 50);
INSERT INTO `customer_shares_normal` VALUES (41, 14, 100);
INSERT INTO `customer_shares_normal` VALUES (41, 15, 100);
INSERT INTO `customer_shares_normal` VALUES (42, 1, 0);
INSERT INTO `customer_shares_normal` VALUES (42, 2, 0);
INSERT INTO `customer_shares_normal` VALUES (42, 3, 0);
INSERT INTO `customer_shares_normal` VALUES (42, 4, 0);
INSERT INTO `customer_shares_normal` VALUES (42, 5, 0);
INSERT INTO `customer_shares_normal` VALUES (42, 6, 0);
INSERT INTO `customer_shares_normal` VALUES (42, 7, 0);
INSERT INTO `customer_shares_normal` VALUES (42, 8, 0);
INSERT INTO `customer_shares_normal` VALUES (42, 9, 0);
INSERT INTO `customer_shares_normal` VALUES (42, 10, 0);
INSERT INTO `customer_shares_normal` VALUES (42, 11, 0);
INSERT INTO `customer_shares_normal` VALUES (42, 12, 0);
INSERT INTO `customer_shares_normal` VALUES (42, 13, 0);
INSERT INTO `customer_shares_normal` VALUES (42, 14, 0);
INSERT INTO `customer_shares_normal` VALUES (42, 15, 0);
INSERT INTO `customer_shares_normal` VALUES (43, 1, 0);
INSERT INTO `customer_shares_normal` VALUES (43, 2, 0);
INSERT INTO `customer_shares_normal` VALUES (43, 3, 0);
INSERT INTO `customer_shares_normal` VALUES (43, 4, 0);
INSERT INTO `customer_shares_normal` VALUES (43, 5, 0);
INSERT INTO `customer_shares_normal` VALUES (43, 6, 0);
INSERT INTO `customer_shares_normal` VALUES (43, 7, 0);
INSERT INTO `customer_shares_normal` VALUES (43, 8, 0);
INSERT INTO `customer_shares_normal` VALUES (43, 9, 0);
INSERT INTO `customer_shares_normal` VALUES (43, 10, 0);
INSERT INTO `customer_shares_normal` VALUES (43, 11, 20);
INSERT INTO `customer_shares_normal` VALUES (43, 12, 0);
INSERT INTO `customer_shares_normal` VALUES (43, 13, 0);
INSERT INTO `customer_shares_normal` VALUES (43, 14, 0);
INSERT INTO `customer_shares_normal` VALUES (43, 15, 0);
INSERT INTO `customer_shares_normal` VALUES (44, 1, 150);
INSERT INTO `customer_shares_normal` VALUES (44, 2, 200);
INSERT INTO `customer_shares_normal` VALUES (44, 3, 50);
INSERT INTO `customer_shares_normal` VALUES (44, 4, 200);
INSERT INTO `customer_shares_normal` VALUES (44, 5, 250);
INSERT INTO `customer_shares_normal` VALUES (44, 6, 200);
INSERT INTO `customer_shares_normal` VALUES (44, 7, 50);
INSERT INTO `customer_shares_normal` VALUES (44, 8, 0);
INSERT INTO `customer_shares_normal` VALUES (44, 9, 250);
INSERT INTO `customer_shares_normal` VALUES (44, 10, 200);
INSERT INTO `customer_shares_normal` VALUES (44, 11, 400);
INSERT INTO `customer_shares_normal` VALUES (44, 12, 50);
INSERT INTO `customer_shares_normal` VALUES (44, 13, 150);
INSERT INTO `customer_shares_normal` VALUES (44, 14, 250);
INSERT INTO `customer_shares_normal` VALUES (44, 15, 0);
INSERT INTO `customer_shares_normal` VALUES (45, 1, 200);
INSERT INTO `customer_shares_normal` VALUES (45, 2, 100);
INSERT INTO `customer_shares_normal` VALUES (45, 3, 150);
INSERT INTO `customer_shares_normal` VALUES (45, 4, 100);
INSERT INTO `customer_shares_normal` VALUES (45, 5, 50);
INSERT INTO `customer_shares_normal` VALUES (45, 6, 200);
INSERT INTO `customer_shares_normal` VALUES (45, 7, 0);
INSERT INTO `customer_shares_normal` VALUES (45, 8, 100);
INSERT INTO `customer_shares_normal` VALUES (45, 9, 200);
INSERT INTO `customer_shares_normal` VALUES (45, 10, 150);
INSERT INTO `customer_shares_normal` VALUES (45, 11, 100);
INSERT INTO `customer_shares_normal` VALUES (45, 12, 0);
INSERT INTO `customer_shares_normal` VALUES (45, 13, 350);
INSERT INTO `customer_shares_normal` VALUES (45, 14, 50);
INSERT INTO `customer_shares_normal` VALUES (45, 15, 50);
INSERT INTO `customer_shares_normal` VALUES (46, 1, 200);
INSERT INTO `customer_shares_normal` VALUES (46, 2, 100);
INSERT INTO `customer_shares_normal` VALUES (46, 3, 100);
INSERT INTO `customer_shares_normal` VALUES (46, 4, 100);
INSERT INTO `customer_shares_normal` VALUES (46, 5, 200);
INSERT INTO `customer_shares_normal` VALUES (46, 6, 100);
INSERT INTO `customer_shares_normal` VALUES (46, 7, 150);
INSERT INTO `customer_shares_normal` VALUES (46, 8, 100);
INSERT INTO `customer_shares_normal` VALUES (46, 9, 150);
INSERT INTO `customer_shares_normal` VALUES (46, 10, 150);
INSERT INTO `customer_shares_normal` VALUES (46, 11, 100);
INSERT INTO `customer_shares_normal` VALUES (46, 12, 100);
INSERT INTO `customer_shares_normal` VALUES (46, 13, 100);
INSERT INTO `customer_shares_normal` VALUES (46, 14, 0);
INSERT INTO `customer_shares_normal` VALUES (46, 15, 300);
INSERT INTO `customer_shares_normal` VALUES (47, 1, 0);
INSERT INTO `customer_shares_normal` VALUES (47, 2, 0);
INSERT INTO `customer_shares_normal` VALUES (47, 3, 0);
INSERT INTO `customer_shares_normal` VALUES (47, 4, 0);
INSERT INTO `customer_shares_normal` VALUES (47, 5, 0);
INSERT INTO `customer_shares_normal` VALUES (47, 6, 0);
INSERT INTO `customer_shares_normal` VALUES (47, 7, 0);
INSERT INTO `customer_shares_normal` VALUES (47, 8, 0);
INSERT INTO `customer_shares_normal` VALUES (47, 9, 0);
INSERT INTO `customer_shares_normal` VALUES (47, 10, 0);
INSERT INTO `customer_shares_normal` VALUES (47, 11, 0);
INSERT INTO `customer_shares_normal` VALUES (47, 12, 0);
INSERT INTO `customer_shares_normal` VALUES (47, 13, 0);
INSERT INTO `customer_shares_normal` VALUES (47, 14, 0);
INSERT INTO `customer_shares_normal` VALUES (47, 15, 0);
INSERT INTO `customer_shares_normal` VALUES (48, 1, 100);
INSERT INTO `customer_shares_normal` VALUES (48, 2, 50);
INSERT INTO `customer_shares_normal` VALUES (48, 3, 100);
INSERT INTO `customer_shares_normal` VALUES (48, 4, 300);
INSERT INTO `customer_shares_normal` VALUES (48, 5, 100);
INSERT INTO `customer_shares_normal` VALUES (48, 6, 550);
INSERT INTO `customer_shares_normal` VALUES (48, 7, 50);
INSERT INTO `customer_shares_normal` VALUES (48, 8, 100);
INSERT INTO `customer_shares_normal` VALUES (48, 9, 350);
INSERT INTO `customer_shares_normal` VALUES (48, 10, 450);
INSERT INTO `customer_shares_normal` VALUES (48, 11, 50);
INSERT INTO `customer_shares_normal` VALUES (48, 12, 300);
INSERT INTO `customer_shares_normal` VALUES (48, 13, 200);
INSERT INTO `customer_shares_normal` VALUES (48, 14, 50);
INSERT INTO `customer_shares_normal` VALUES (48, 15, 100);
INSERT INTO `customer_shares_normal` VALUES (49, 1, 100);
INSERT INTO `customer_shares_normal` VALUES (49, 2, 100);
INSERT INTO `customer_shares_normal` VALUES (49, 3, 100);
INSERT INTO `customer_shares_normal` VALUES (49, 4, 100);
INSERT INTO `customer_shares_normal` VALUES (49, 5, 100);
INSERT INTO `customer_shares_normal` VALUES (49, 6, 100);
INSERT INTO `customer_shares_normal` VALUES (49, 7, 350);
INSERT INTO `customer_shares_normal` VALUES (49, 8, 100);
INSERT INTO `customer_shares_normal` VALUES (49, 9, 350);
INSERT INTO `customer_shares_normal` VALUES (49, 10, 150);
INSERT INTO `customer_shares_normal` VALUES (49, 11, 100);
INSERT INTO `customer_shares_normal` VALUES (49, 12, 100);
INSERT INTO `customer_shares_normal` VALUES (49, 13, 100);
INSERT INTO `customer_shares_normal` VALUES (49, 14, 100);
INSERT INTO `customer_shares_normal` VALUES (49, 15, 100);
INSERT INTO `customer_shares_normal` VALUES (50, 1, 100);
INSERT INTO `customer_shares_normal` VALUES (50, 2, 100);
INSERT INTO `customer_shares_normal` VALUES (50, 3, 100);
INSERT INTO `customer_shares_normal` VALUES (50, 4, 100);
INSERT INTO `customer_shares_normal` VALUES (50, 5, 100);
INSERT INTO `customer_shares_normal` VALUES (50, 6, 100);
INSERT INTO `customer_shares_normal` VALUES (50, 7, 100);
INSERT INTO `customer_shares_normal` VALUES (50, 8, 100);
INSERT INTO `customer_shares_normal` VALUES (50, 9, 100);
INSERT INTO `customer_shares_normal` VALUES (50, 10, 150);
INSERT INTO `customer_shares_normal` VALUES (50, 11, 100);
INSERT INTO `customer_shares_normal` VALUES (50, 12, 100);
INSERT INTO `customer_shares_normal` VALUES (50, 13, 100);
INSERT INTO `customer_shares_normal` VALUES (50, 14, 100);
INSERT INTO `customer_shares_normal` VALUES (50, 15, 100);
INSERT INTO `customer_shares_normal` VALUES (51, 1, 100);
INSERT INTO `customer_shares_normal` VALUES (51, 2, 100);
INSERT INTO `customer_shares_normal` VALUES (51, 3, 100);
INSERT INTO `customer_shares_normal` VALUES (51, 4, 100);
INSERT INTO `customer_shares_normal` VALUES (51, 5, 100);
INSERT INTO `customer_shares_normal` VALUES (51, 6, 100);
INSERT INTO `customer_shares_normal` VALUES (51, 7, 100);
INSERT INTO `customer_shares_normal` VALUES (51, 8, 100);
INSERT INTO `customer_shares_normal` VALUES (51, 9, 100);
INSERT INTO `customer_shares_normal` VALUES (51, 10, 150);
INSERT INTO `customer_shares_normal` VALUES (51, 11, 100);
INSERT INTO `customer_shares_normal` VALUES (51, 12, 100);
INSERT INTO `customer_shares_normal` VALUES (51, 13, 100);
INSERT INTO `customer_shares_normal` VALUES (51, 14, 100);
INSERT INTO `customer_shares_normal` VALUES (51, 15, 100);
INSERT INTO `customer_shares_normal` VALUES (52, 1, 100);
INSERT INTO `customer_shares_normal` VALUES (52, 2, 100);
INSERT INTO `customer_shares_normal` VALUES (52, 3, 100);
INSERT INTO `customer_shares_normal` VALUES (52, 4, 100);
INSERT INTO `customer_shares_normal` VALUES (52, 5, 100);
INSERT INTO `customer_shares_normal` VALUES (52, 6, 100);
INSERT INTO `customer_shares_normal` VALUES (52, 7, 100);
INSERT INTO `customer_shares_normal` VALUES (52, 8, 100);
INSERT INTO `customer_shares_normal` VALUES (52, 9, 100);
INSERT INTO `customer_shares_normal` VALUES (52, 10, 150);
INSERT INTO `customer_shares_normal` VALUES (52, 11, 100);
INSERT INTO `customer_shares_normal` VALUES (52, 12, 100);
INSERT INTO `customer_shares_normal` VALUES (52, 13, 100);
INSERT INTO `customer_shares_normal` VALUES (52, 14, 100);
INSERT INTO `customer_shares_normal` VALUES (52, 15, 100);
INSERT INTO `customer_shares_normal` VALUES (53, 1, 100);
INSERT INTO `customer_shares_normal` VALUES (53, 2, 100);
INSERT INTO `customer_shares_normal` VALUES (53, 3, 100);
INSERT INTO `customer_shares_normal` VALUES (53, 4, 100);
INSERT INTO `customer_shares_normal` VALUES (53, 5, 100);
INSERT INTO `customer_shares_normal` VALUES (53, 6, 100);
INSERT INTO `customer_shares_normal` VALUES (53, 7, 100);
INSERT INTO `customer_shares_normal` VALUES (53, 8, 100);
INSERT INTO `customer_shares_normal` VALUES (53, 9, 100);
INSERT INTO `customer_shares_normal` VALUES (53, 10, 150);
INSERT INTO `customer_shares_normal` VALUES (53, 11, 100);
INSERT INTO `customer_shares_normal` VALUES (53, 12, 100);
INSERT INTO `customer_shares_normal` VALUES (53, 13, 100);
INSERT INTO `customer_shares_normal` VALUES (53, 14, 100);
INSERT INTO `customer_shares_normal` VALUES (53, 15, 100);
INSERT INTO `customer_shares_normal` VALUES (54, 1, 100);
INSERT INTO `customer_shares_normal` VALUES (54, 2, 100);
INSERT INTO `customer_shares_normal` VALUES (54, 3, 100);
INSERT INTO `customer_shares_normal` VALUES (54, 4, 100);
INSERT INTO `customer_shares_normal` VALUES (54, 5, 100);
INSERT INTO `customer_shares_normal` VALUES (54, 6, 100);
INSERT INTO `customer_shares_normal` VALUES (54, 7, 100);
INSERT INTO `customer_shares_normal` VALUES (54, 8, 100);
INSERT INTO `customer_shares_normal` VALUES (54, 9, 100);
INSERT INTO `customer_shares_normal` VALUES (54, 10, 150);
INSERT INTO `customer_shares_normal` VALUES (54, 11, 100);
INSERT INTO `customer_shares_normal` VALUES (54, 12, 100);
INSERT INTO `customer_shares_normal` VALUES (54, 13, 100);
INSERT INTO `customer_shares_normal` VALUES (54, 14, 100);
INSERT INTO `customer_shares_normal` VALUES (54, 15, 100);
INSERT INTO `customer_shares_normal` VALUES (55, 1, 100);
INSERT INTO `customer_shares_normal` VALUES (55, 2, 100);
INSERT INTO `customer_shares_normal` VALUES (55, 3, 100);
INSERT INTO `customer_shares_normal` VALUES (55, 4, 100);
INSERT INTO `customer_shares_normal` VALUES (55, 5, 100);
INSERT INTO `customer_shares_normal` VALUES (55, 6, 100);
INSERT INTO `customer_shares_normal` VALUES (55, 7, 100);
INSERT INTO `customer_shares_normal` VALUES (55, 8, 100);
INSERT INTO `customer_shares_normal` VALUES (55, 9, 100);
INSERT INTO `customer_shares_normal` VALUES (55, 10, 150);
INSERT INTO `customer_shares_normal` VALUES (55, 11, 100);
INSERT INTO `customer_shares_normal` VALUES (55, 12, 100);
INSERT INTO `customer_shares_normal` VALUES (55, 13, 100);
INSERT INTO `customer_shares_normal` VALUES (55, 14, 100);
INSERT INTO `customer_shares_normal` VALUES (55, 15, 100);

-- --------------------------------------------------------











-- 
-- Table structure for table `customer_shares_shortselling`
-- 

CREATE TABLE `customer_shares_shortselling` (
  `customer_id` int(10) unsigned NOT NULL,
  `company_id` int(10) NOT NULL,
  `no_of_shares` int(11) default '0',
  PRIMARY KEY  (`customer_id`,`company_id`)
) ENGINE=MyISAM DEFAULT CHARSET=latin1 COLLATE=latin1_general_ci;

-- 
-- Dumping data for table `customer_shares_shortselling`
-- 

INSERT INTO `customer_shares_shortselling` VALUES (1, 1, 0);
INSERT INTO `customer_shares_shortselling` VALUES (1, 2, 0);
INSERT INTO `customer_shares_shortselling` VALUES (1, 3, 0);
INSERT INTO `customer_shares_shortselling` VALUES (1, 4, 0);
INSERT INTO `customer_shares_shortselling` VALUES (1, 5, 0);
INSERT INTO `customer_shares_shortselling` VALUES (1, 6, 0);
INSERT INTO `customer_shares_shortselling` VALUES (1, 7, 0);
INSERT INTO `customer_shares_shortselling` VALUES (1, 8, 0);
INSERT INTO `customer_shares_shortselling` VALUES (1, 9, 0);
INSERT INTO `customer_shares_shortselling` VALUES (1, 10, 0);
INSERT INTO `customer_shares_shortselling` VALUES (1, 11, 0);
INSERT INTO `customer_shares_shortselling` VALUES (1, 12, 0);
INSERT INTO `customer_shares_shortselling` VALUES (1, 13, 0);
INSERT INTO `customer_shares_shortselling` VALUES (1, 14, 0);
INSERT INTO `customer_shares_shortselling` VALUES (1, 15, 0);
INSERT INTO `customer_shares_shortselling` VALUES (2, 1, 0);
INSERT INTO `customer_shares_shortselling` VALUES (2, 2, 0);
INSERT INTO `customer_shares_shortselling` VALUES (2, 3, 0);
INSERT INTO `customer_shares_shortselling` VALUES (2, 4, 0);
INSERT INTO `customer_shares_shortselling` VALUES (2, 5, 0);
INSERT INTO `customer_shares_shortselling` VALUES (2, 6, 0);
INSERT INTO `customer_shares_shortselling` VALUES (2, 7, 0);
INSERT INTO `customer_shares_shortselling` VALUES (2, 8, 0);
INSERT INTO `customer_shares_shortselling` VALUES (2, 9, 0);
INSERT INTO `customer_shares_shortselling` VALUES (2, 10, 0);
INSERT INTO `customer_shares_shortselling` VALUES (2, 11, 0);
INSERT INTO `customer_shares_shortselling` VALUES (2, 12, 0);
INSERT INTO `customer_shares_shortselling` VALUES (2, 13, 0);
INSERT INTO `customer_shares_shortselling` VALUES (2, 14, 0);
INSERT INTO `customer_shares_shortselling` VALUES (2, 15, 0);
INSERT INTO `customer_shares_shortselling` VALUES (3, 1, 0);
INSERT INTO `customer_shares_shortselling` VALUES (3, 2, 0);
INSERT INTO `customer_shares_shortselling` VALUES (3, 3, 0);
INSERT INTO `customer_shares_shortselling` VALUES (3, 4, 0);
INSERT INTO `customer_shares_shortselling` VALUES (3, 5, 0);
INSERT INTO `customer_shares_shortselling` VALUES (3, 6, 0);
INSERT INTO `customer_shares_shortselling` VALUES (3, 7, 0);
INSERT INTO `customer_shares_shortselling` VALUES (3, 8, 0);
INSERT INTO `customer_shares_shortselling` VALUES (3, 9, 0);
INSERT INTO `customer_shares_shortselling` VALUES (3, 10, 0);
INSERT INTO `customer_shares_shortselling` VALUES (3, 11, 0);
INSERT INTO `customer_shares_shortselling` VALUES (3, 12, 0);
INSERT INTO `customer_shares_shortselling` VALUES (3, 13, 0);
INSERT INTO `customer_shares_shortselling` VALUES (3, 14, 0);
INSERT INTO `customer_shares_shortselling` VALUES (3, 15, 0);
INSERT INTO `customer_shares_shortselling` VALUES (4, 1, 0);
INSERT INTO `customer_shares_shortselling` VALUES (4, 2, 0);
INSERT INTO `customer_shares_shortselling` VALUES (4, 3, 0);
INSERT INTO `customer_shares_shortselling` VALUES (4, 4, 0);
INSERT INTO `customer_shares_shortselling` VALUES (4, 5, 0);
INSERT INTO `customer_shares_shortselling` VALUES (4, 6, 0);
INSERT INTO `customer_shares_shortselling` VALUES (4, 7, 0);
INSERT INTO `customer_shares_shortselling` VALUES (4, 8, 0);
INSERT INTO `customer_shares_shortselling` VALUES (4, 9, 0);
INSERT INTO `customer_shares_shortselling` VALUES (4, 10, 0);
INSERT INTO `customer_shares_shortselling` VALUES (4, 11, 0);
INSERT INTO `customer_shares_shortselling` VALUES (4, 12, 0);
INSERT INTO `customer_shares_shortselling` VALUES (4, 13, 0);
INSERT INTO `customer_shares_shortselling` VALUES (4, 14, 0);
INSERT INTO `customer_shares_shortselling` VALUES (4, 15, 0);
INSERT INTO `customer_shares_shortselling` VALUES (5, 1, 0);
INSERT INTO `customer_shares_shortselling` VALUES (5, 2, 0);
INSERT INTO `customer_shares_shortselling` VALUES (5, 3, 0);
INSERT INTO `customer_shares_shortselling` VALUES (5, 4, 0);
INSERT INTO `customer_shares_shortselling` VALUES (5, 5, 0);
INSERT INTO `customer_shares_shortselling` VALUES (5, 6, 0);
INSERT INTO `customer_shares_shortselling` VALUES (5, 7, 0);
INSERT INTO `customer_shares_shortselling` VALUES (5, 8, 0);
INSERT INTO `customer_shares_shortselling` VALUES (5, 9, 0);
INSERT INTO `customer_shares_shortselling` VALUES (5, 10, 0);
INSERT INTO `customer_shares_shortselling` VALUES (5, 11, 0);
INSERT INTO `customer_shares_shortselling` VALUES (5, 12, 0);
INSERT INTO `customer_shares_shortselling` VALUES (5, 13, 0);
INSERT INTO `customer_shares_shortselling` VALUES (5, 14, 0);
INSERT INTO `customer_shares_shortselling` VALUES (5, 15, 0);
INSERT INTO `customer_shares_shortselling` VALUES (6, 1, 0);
INSERT INTO `customer_shares_shortselling` VALUES (6, 2, 0);
INSERT INTO `customer_shares_shortselling` VALUES (6, 3, 0);
INSERT INTO `customer_shares_shortselling` VALUES (6, 4, 0);
INSERT INTO `customer_shares_shortselling` VALUES (6, 5, 0);
INSERT INTO `customer_shares_shortselling` VALUES (6, 6, 0);
INSERT INTO `customer_shares_shortselling` VALUES (6, 7, 0);
INSERT INTO `customer_shares_shortselling` VALUES (6, 8, 0);
INSERT INTO `customer_shares_shortselling` VALUES (6, 9, 0);
INSERT INTO `customer_shares_shortselling` VALUES (6, 10, 0);
INSERT INTO `customer_shares_shortselling` VALUES (6, 11, 0);
INSERT INTO `customer_shares_shortselling` VALUES (6, 12, 0);
INSERT INTO `customer_shares_shortselling` VALUES (6, 13, 0);
INSERT INTO `customer_shares_shortselling` VALUES (6, 14, 0);
INSERT INTO `customer_shares_shortselling` VALUES (6, 15, 0);
INSERT INTO `customer_shares_shortselling` VALUES (7, 1, 0);
INSERT INTO `customer_shares_shortselling` VALUES (7, 2, 0);
INSERT INTO `customer_shares_shortselling` VALUES (7, 3, 0);
INSERT INTO `customer_shares_shortselling` VALUES (7, 4, 0);
INSERT INTO `customer_shares_shortselling` VALUES (7, 5, 0);
INSERT INTO `customer_shares_shortselling` VALUES (7, 6, 0);
INSERT INTO `customer_shares_shortselling` VALUES (7, 7, 0);
INSERT INTO `customer_shares_shortselling` VALUES (7, 8, 0);
INSERT INTO `customer_shares_shortselling` VALUES (7, 9, 0);
INSERT INTO `customer_shares_shortselling` VALUES (7, 10, 0);
INSERT INTO `customer_shares_shortselling` VALUES (7, 11, 0);
INSERT INTO `customer_shares_shortselling` VALUES (7, 12, 0);
INSERT INTO `customer_shares_shortselling` VALUES (7, 13, 0);
INSERT INTO `customer_shares_shortselling` VALUES (7, 14, 0);
INSERT INTO `customer_shares_shortselling` VALUES (7, 15, 0);
INSERT INTO `customer_shares_shortselling` VALUES (8, 1, 0);
INSERT INTO `customer_shares_shortselling` VALUES (8, 2, 0);
INSERT INTO `customer_shares_shortselling` VALUES (8, 3, 0);
INSERT INTO `customer_shares_shortselling` VALUES (8, 4, 0);
INSERT INTO `customer_shares_shortselling` VALUES (8, 5, 0);
INSERT INTO `customer_shares_shortselling` VALUES (8, 6, 0);
INSERT INTO `customer_shares_shortselling` VALUES (8, 7, 0);
INSERT INTO `customer_shares_shortselling` VALUES (8, 8, 0);
INSERT INTO `customer_shares_shortselling` VALUES (8, 9, 0);
INSERT INTO `customer_shares_shortselling` VALUES (8, 10, 0);
INSERT INTO `customer_shares_shortselling` VALUES (8, 11, 0);
INSERT INTO `customer_shares_shortselling` VALUES (8, 12, 0);
INSERT INTO `customer_shares_shortselling` VALUES (8, 13, 0);
INSERT INTO `customer_shares_shortselling` VALUES (8, 14, 0);
INSERT INTO `customer_shares_shortselling` VALUES (8, 15, 0);
INSERT INTO `customer_shares_shortselling` VALUES (9, 1, 0);
INSERT INTO `customer_shares_shortselling` VALUES (9, 2, 0);
INSERT INTO `customer_shares_shortselling` VALUES (9, 3, 0);
INSERT INTO `customer_shares_shortselling` VALUES (9, 4, 0);
INSERT INTO `customer_shares_shortselling` VALUES (9, 5, 0);
INSERT INTO `customer_shares_shortselling` VALUES (9, 6, 0);
INSERT INTO `customer_shares_shortselling` VALUES (9, 7, 0);
INSERT INTO `customer_shares_shortselling` VALUES (9, 8, 0);
INSERT INTO `customer_shares_shortselling` VALUES (9, 9, 0);
INSERT INTO `customer_shares_shortselling` VALUES (9, 10, 0);
INSERT INTO `customer_shares_shortselling` VALUES (9, 11, 0);
INSERT INTO `customer_shares_shortselling` VALUES (9, 12, 0);
INSERT INTO `customer_shares_shortselling` VALUES (9, 13, 0);
INSERT INTO `customer_shares_shortselling` VALUES (9, 14, 0);
INSERT INTO `customer_shares_shortselling` VALUES (9, 15, 0);
INSERT INTO `customer_shares_shortselling` VALUES (10, 1, 0);
INSERT INTO `customer_shares_shortselling` VALUES (10, 2, 0);
INSERT INTO `customer_shares_shortselling` VALUES (10, 3, 0);
INSERT INTO `customer_shares_shortselling` VALUES (10, 4, 0);
INSERT INTO `customer_shares_shortselling` VALUES (10, 5, 0);
INSERT INTO `customer_shares_shortselling` VALUES (10, 6, 0);
INSERT INTO `customer_shares_shortselling` VALUES (10, 7, 0);
INSERT INTO `customer_shares_shortselling` VALUES (10, 8, 0);
INSERT INTO `customer_shares_shortselling` VALUES (10, 9, 0);
INSERT INTO `customer_shares_shortselling` VALUES (10, 10, 0);
INSERT INTO `customer_shares_shortselling` VALUES (10, 11, 0);
INSERT INTO `customer_shares_shortselling` VALUES (10, 12, 0);
INSERT INTO `customer_shares_shortselling` VALUES (10, 13, 0);
INSERT INTO `customer_shares_shortselling` VALUES (10, 14, 0);
INSERT INTO `customer_shares_shortselling` VALUES (10, 15, 0);
INSERT INTO `customer_shares_shortselling` VALUES (11, 1, 0);
INSERT INTO `customer_shares_shortselling` VALUES (11, 2, 0);
INSERT INTO `customer_shares_shortselling` VALUES (11, 3, 0);
INSERT INTO `customer_shares_shortselling` VALUES (11, 4, 0);
INSERT INTO `customer_shares_shortselling` VALUES (11, 5, 0);
INSERT INTO `customer_shares_shortselling` VALUES (11, 6, 0);
INSERT INTO `customer_shares_shortselling` VALUES (11, 7, 0);
INSERT INTO `customer_shares_shortselling` VALUES (11, 8, 0);
INSERT INTO `customer_shares_shortselling` VALUES (11, 9, 0);
INSERT INTO `customer_shares_shortselling` VALUES (11, 10, 0);
INSERT INTO `customer_shares_shortselling` VALUES (11, 11, 0);
INSERT INTO `customer_shares_shortselling` VALUES (11, 12, 0);
INSERT INTO `customer_shares_shortselling` VALUES (11, 13, 0);
INSERT INTO `customer_shares_shortselling` VALUES (11, 14, 0);
INSERT INTO `customer_shares_shortselling` VALUES (11, 15, 0);
INSERT INTO `customer_shares_shortselling` VALUES (12, 1, 0);
INSERT INTO `customer_shares_shortselling` VALUES (12, 2, 0);
INSERT INTO `customer_shares_shortselling` VALUES (12, 3, 0);
INSERT INTO `customer_shares_shortselling` VALUES (12, 4, 0);
INSERT INTO `customer_shares_shortselling` VALUES (12, 5, 0);
INSERT INTO `customer_shares_shortselling` VALUES (12, 6, 0);
INSERT INTO `customer_shares_shortselling` VALUES (12, 7, 0);
INSERT INTO `customer_shares_shortselling` VALUES (12, 8, 0);
INSERT INTO `customer_shares_shortselling` VALUES (12, 9, 0);
INSERT INTO `customer_shares_shortselling` VALUES (12, 10, 0);
INSERT INTO `customer_shares_shortselling` VALUES (12, 11, 0);
INSERT INTO `customer_shares_shortselling` VALUES (12, 12, 0);
INSERT INTO `customer_shares_shortselling` VALUES (12, 13, 0);
INSERT INTO `customer_shares_shortselling` VALUES (12, 14, 0);
INSERT INTO `customer_shares_shortselling` VALUES (12, 15, 0);
INSERT INTO `customer_shares_shortselling` VALUES (13, 1, 0);
INSERT INTO `customer_shares_shortselling` VALUES (13, 2, 0);
INSERT INTO `customer_shares_shortselling` VALUES (13, 3, 0);
INSERT INTO `customer_shares_shortselling` VALUES (13, 4, 0);
INSERT INTO `customer_shares_shortselling` VALUES (13, 5, 0);
INSERT INTO `customer_shares_shortselling` VALUES (13, 6, 0);
INSERT INTO `customer_shares_shortselling` VALUES (13, 7, 0);
INSERT INTO `customer_shares_shortselling` VALUES (13, 8, 0);
INSERT INTO `customer_shares_shortselling` VALUES (13, 9, 0);
INSERT INTO `customer_shares_shortselling` VALUES (13, 10, 0);
INSERT INTO `customer_shares_shortselling` VALUES (13, 11, 0);
INSERT INTO `customer_shares_shortselling` VALUES (13, 12, 0);
INSERT INTO `customer_shares_shortselling` VALUES (13, 13, 0);
INSERT INTO `customer_shares_shortselling` VALUES (13, 14, 0);
INSERT INTO `customer_shares_shortselling` VALUES (13, 15, 0);
INSERT INTO `customer_shares_shortselling` VALUES (14, 1, 0);
INSERT INTO `customer_shares_shortselling` VALUES (14, 2, 0);
INSERT INTO `customer_shares_shortselling` VALUES (14, 3, 0);
INSERT INTO `customer_shares_shortselling` VALUES (14, 4, 0);
INSERT INTO `customer_shares_shortselling` VALUES (14, 5, 0);
INSERT INTO `customer_shares_shortselling` VALUES (14, 6, 0);
INSERT INTO `customer_shares_shortselling` VALUES (14, 7, 0);
INSERT INTO `customer_shares_shortselling` VALUES (14, 8, 0);
INSERT INTO `customer_shares_shortselling` VALUES (14, 9, 0);
INSERT INTO `customer_shares_shortselling` VALUES (14, 10, 0);
INSERT INTO `customer_shares_shortselling` VALUES (14, 11, 0);
INSERT INTO `customer_shares_shortselling` VALUES (14, 12, 0);
INSERT INTO `customer_shares_shortselling` VALUES (14, 13, 0);
INSERT INTO `customer_shares_shortselling` VALUES (14, 14, 0);
INSERT INTO `customer_shares_shortselling` VALUES (14, 15, 0);
INSERT INTO `customer_shares_shortselling` VALUES (15, 1, 0);
INSERT INTO `customer_shares_shortselling` VALUES (15, 2, 0);
INSERT INTO `customer_shares_shortselling` VALUES (15, 3, 0);
INSERT INTO `customer_shares_shortselling` VALUES (15, 4, 0);
INSERT INTO `customer_shares_shortselling` VALUES (15, 5, 0);
INSERT INTO `customer_shares_shortselling` VALUES (15, 6, 0);
INSERT INTO `customer_shares_shortselling` VALUES (15, 7, 0);
INSERT INTO `customer_shares_shortselling` VALUES (15, 8, 0);
INSERT INTO `customer_shares_shortselling` VALUES (15, 9, 0);
INSERT INTO `customer_shares_shortselling` VALUES (15, 10, 0);
INSERT INTO `customer_shares_shortselling` VALUES (15, 11, 0);
INSERT INTO `customer_shares_shortselling` VALUES (15, 12, 0);
INSERT INTO `customer_shares_shortselling` VALUES (15, 13, 0);
INSERT INTO `customer_shares_shortselling` VALUES (15, 14, 0);
INSERT INTO `customer_shares_shortselling` VALUES (15, 15, 0);
INSERT INTO `customer_shares_shortselling` VALUES (16, 1, 0);
INSERT INTO `customer_shares_shortselling` VALUES (16, 2, 0);
INSERT INTO `customer_shares_shortselling` VALUES (16, 3, 0);
INSERT INTO `customer_shares_shortselling` VALUES (16, 4, 0);
INSERT INTO `customer_shares_shortselling` VALUES (16, 5, 0);
INSERT INTO `customer_shares_shortselling` VALUES (16, 6, 0);
INSERT INTO `customer_shares_shortselling` VALUES (16, 7, 0);
INSERT INTO `customer_shares_shortselling` VALUES (16, 8, 0);
INSERT INTO `customer_shares_shortselling` VALUES (16, 9, 0);
INSERT INTO `customer_shares_shortselling` VALUES (16, 10, 0);
INSERT INTO `customer_shares_shortselling` VALUES (16, 11, 0);
INSERT INTO `customer_shares_shortselling` VALUES (16, 12, 0);
INSERT INTO `customer_shares_shortselling` VALUES (16, 13, 0);
INSERT INTO `customer_shares_shortselling` VALUES (16, 14, 0);
INSERT INTO `customer_shares_shortselling` VALUES (16, 15, 0);
INSERT INTO `customer_shares_shortselling` VALUES (17, 1, 0);
INSERT INTO `customer_shares_shortselling` VALUES (17, 2, 0);
INSERT INTO `customer_shares_shortselling` VALUES (17, 3, 0);
INSERT INTO `customer_shares_shortselling` VALUES (17, 4, 0);
INSERT INTO `customer_shares_shortselling` VALUES (17, 5, 0);
INSERT INTO `customer_shares_shortselling` VALUES (17, 6, 0);
INSERT INTO `customer_shares_shortselling` VALUES (17, 7, 0);
INSERT INTO `customer_shares_shortselling` VALUES (17, 8, 0);
INSERT INTO `customer_shares_shortselling` VALUES (17, 9, 0);
INSERT INTO `customer_shares_shortselling` VALUES (17, 10, 0);
INSERT INTO `customer_shares_shortselling` VALUES (17, 11, 0);
INSERT INTO `customer_shares_shortselling` VALUES (17, 12, 0);
INSERT INTO `customer_shares_shortselling` VALUES (17, 13, 0);
INSERT INTO `customer_shares_shortselling` VALUES (17, 14, 0);
INSERT INTO `customer_shares_shortselling` VALUES (17, 15, 0);
INSERT INTO `customer_shares_shortselling` VALUES (18, 1, 0);
INSERT INTO `customer_shares_shortselling` VALUES (18, 2, 0);
INSERT INTO `customer_shares_shortselling` VALUES (18, 3, 0);
INSERT INTO `customer_shares_shortselling` VALUES (18, 4, 0);
INSERT INTO `customer_shares_shortselling` VALUES (18, 5, 0);
INSERT INTO `customer_shares_shortselling` VALUES (18, 6, 0);
INSERT INTO `customer_shares_shortselling` VALUES (18, 7, 0);
INSERT INTO `customer_shares_shortselling` VALUES (18, 8, 0);
INSERT INTO `customer_shares_shortselling` VALUES (18, 9, 0);
INSERT INTO `customer_shares_shortselling` VALUES (18, 10, 0);
INSERT INTO `customer_shares_shortselling` VALUES (18, 11, 0);
INSERT INTO `customer_shares_shortselling` VALUES (18, 12, 0);
INSERT INTO `customer_shares_shortselling` VALUES (18, 13, 0);
INSERT INTO `customer_shares_shortselling` VALUES (18, 14, 0);
INSERT INTO `customer_shares_shortselling` VALUES (18, 15, 0);
INSERT INTO `customer_shares_shortselling` VALUES (19, 1, 0);
INSERT INTO `customer_shares_shortselling` VALUES (19, 2, 0);
INSERT INTO `customer_shares_shortselling` VALUES (19, 3, 0);
INSERT INTO `customer_shares_shortselling` VALUES (19, 4, 0);
INSERT INTO `customer_shares_shortselling` VALUES (19, 5, 0);
INSERT INTO `customer_shares_shortselling` VALUES (19, 6, 0);
INSERT INTO `customer_shares_shortselling` VALUES (19, 7, 0);
INSERT INTO `customer_shares_shortselling` VALUES (19, 8, 0);
INSERT INTO `customer_shares_shortselling` VALUES (19, 9, 0);
INSERT INTO `customer_shares_shortselling` VALUES (19, 10, 0);
INSERT INTO `customer_shares_shortselling` VALUES (19, 11, 0);
INSERT INTO `customer_shares_shortselling` VALUES (19, 12, 0);
INSERT INTO `customer_shares_shortselling` VALUES (19, 13, 0);
INSERT INTO `customer_shares_shortselling` VALUES (19, 14, 0);
INSERT INTO `customer_shares_shortselling` VALUES (19, 15, 0);
INSERT INTO `customer_shares_shortselling` VALUES (20, 1, 0);
INSERT INTO `customer_shares_shortselling` VALUES (20, 2, 0);
INSERT INTO `customer_shares_shortselling` VALUES (20, 3, 0);
INSERT INTO `customer_shares_shortselling` VALUES (20, 4, 0);
INSERT INTO `customer_shares_shortselling` VALUES (20, 5, 0);
INSERT INTO `customer_shares_shortselling` VALUES (20, 6, 0);
INSERT INTO `customer_shares_shortselling` VALUES (20, 7, 0);
INSERT INTO `customer_shares_shortselling` VALUES (20, 8, 0);
INSERT INTO `customer_shares_shortselling` VALUES (20, 9, 0);
INSERT INTO `customer_shares_shortselling` VALUES (20, 10, 0);
INSERT INTO `customer_shares_shortselling` VALUES (20, 11, 0);
INSERT INTO `customer_shares_shortselling` VALUES (20, 12, 0);
INSERT INTO `customer_shares_shortselling` VALUES (20, 13, 0);
INSERT INTO `customer_shares_shortselling` VALUES (20, 14, 0);
INSERT INTO `customer_shares_shortselling` VALUES (20, 15, 0);
INSERT INTO `customer_shares_shortselling` VALUES (21, 1, 0);
INSERT INTO `customer_shares_shortselling` VALUES (21, 2, 0);
INSERT INTO `customer_shares_shortselling` VALUES (21, 3, 0);
INSERT INTO `customer_shares_shortselling` VALUES (21, 4, 0);
INSERT INTO `customer_shares_shortselling` VALUES (21, 5, 0);
INSERT INTO `customer_shares_shortselling` VALUES (21, 6, 0);
INSERT INTO `customer_shares_shortselling` VALUES (21, 7, 0);
INSERT INTO `customer_shares_shortselling` VALUES (21, 8, 0);
INSERT INTO `customer_shares_shortselling` VALUES (21, 9, 0);
INSERT INTO `customer_shares_shortselling` VALUES (21, 10, 0);
INSERT INTO `customer_shares_shortselling` VALUES (21, 11, 0);
INSERT INTO `customer_shares_shortselling` VALUES (21, 12, 0);
INSERT INTO `customer_shares_shortselling` VALUES (21, 13, 0);
INSERT INTO `customer_shares_shortselling` VALUES (21, 14, 0);
INSERT INTO `customer_shares_shortselling` VALUES (21, 15, 0);
INSERT INTO `customer_shares_shortselling` VALUES (22, 1, 0);
INSERT INTO `customer_shares_shortselling` VALUES (22, 2, 0);
INSERT INTO `customer_shares_shortselling` VALUES (22, 3, 0);
INSERT INTO `customer_shares_shortselling` VALUES (22, 4, 0);
INSERT INTO `customer_shares_shortselling` VALUES (22, 5, 0);
INSERT INTO `customer_shares_shortselling` VALUES (22, 6, 0);
INSERT INTO `customer_shares_shortselling` VALUES (22, 7, 0);
INSERT INTO `customer_shares_shortselling` VALUES (22, 8, 0);
INSERT INTO `customer_shares_shortselling` VALUES (22, 9, 0);
INSERT INTO `customer_shares_shortselling` VALUES (22, 10, 0);
INSERT INTO `customer_shares_shortselling` VALUES (22, 11, 0);
INSERT INTO `customer_shares_shortselling` VALUES (22, 12, 0);
INSERT INTO `customer_shares_shortselling` VALUES (22, 13, 0);
INSERT INTO `customer_shares_shortselling` VALUES (22, 14, 0);
INSERT INTO `customer_shares_shortselling` VALUES (22, 15, 0);
INSERT INTO `customer_shares_shortselling` VALUES (23, 1, 0);
INSERT INTO `customer_shares_shortselling` VALUES (23, 2, 0);
INSERT INTO `customer_shares_shortselling` VALUES (23, 3, 0);
INSERT INTO `customer_shares_shortselling` VALUES (23, 4, 0);
INSERT INTO `customer_shares_shortselling` VALUES (23, 5, 0);
INSERT INTO `customer_shares_shortselling` VALUES (23, 6, 0);
INSERT INTO `customer_shares_shortselling` VALUES (23, 7, 0);
INSERT INTO `customer_shares_shortselling` VALUES (23, 8, 0);
INSERT INTO `customer_shares_shortselling` VALUES (23, 9, 0);
INSERT INTO `customer_shares_shortselling` VALUES (23, 10, 0);
INSERT INTO `customer_shares_shortselling` VALUES (23, 11, 0);
INSERT INTO `customer_shares_shortselling` VALUES (23, 12, 0);
INSERT INTO `customer_shares_shortselling` VALUES (23, 13, 0);
INSERT INTO `customer_shares_shortselling` VALUES (23, 14, 0);
INSERT INTO `customer_shares_shortselling` VALUES (23, 15, 0);
INSERT INTO `customer_shares_shortselling` VALUES (24, 1, 0);
INSERT INTO `customer_shares_shortselling` VALUES (24, 2, 0);
INSERT INTO `customer_shares_shortselling` VALUES (24, 3, 0);
INSERT INTO `customer_shares_shortselling` VALUES (24, 4, 0);
INSERT INTO `customer_shares_shortselling` VALUES (24, 5, 0);
INSERT INTO `customer_shares_shortselling` VALUES (24, 6, 0);
INSERT INTO `customer_shares_shortselling` VALUES (24, 7, 0);
INSERT INTO `customer_shares_shortselling` VALUES (24, 8, 0);
INSERT INTO `customer_shares_shortselling` VALUES (24, 9, 0);
INSERT INTO `customer_shares_shortselling` VALUES (24, 10, 0);
INSERT INTO `customer_shares_shortselling` VALUES (24, 11, 0);
INSERT INTO `customer_shares_shortselling` VALUES (24, 12, 0);
INSERT INTO `customer_shares_shortselling` VALUES (24, 13, 0);
INSERT INTO `customer_shares_shortselling` VALUES (24, 14, 0);
INSERT INTO `customer_shares_shortselling` VALUES (24, 15, 0);
INSERT INTO `customer_shares_shortselling` VALUES (25, 1, 0);
INSERT INTO `customer_shares_shortselling` VALUES (25, 2, 0);
INSERT INTO `customer_shares_shortselling` VALUES (25, 3, 0);
INSERT INTO `customer_shares_shortselling` VALUES (25, 4, 0);
INSERT INTO `customer_shares_shortselling` VALUES (25, 5, 0);
INSERT INTO `customer_shares_shortselling` VALUES (25, 6, 0);
INSERT INTO `customer_shares_shortselling` VALUES (25, 7, 0);
INSERT INTO `customer_shares_shortselling` VALUES (25, 8, 0);
INSERT INTO `customer_shares_shortselling` VALUES (25, 9, 0);
INSERT INTO `customer_shares_shortselling` VALUES (25, 10, 0);
INSERT INTO `customer_shares_shortselling` VALUES (25, 11, 0);
INSERT INTO `customer_shares_shortselling` VALUES (25, 12, 0);
INSERT INTO `customer_shares_shortselling` VALUES (25, 13, 0);
INSERT INTO `customer_shares_shortselling` VALUES (25, 14, 0);
INSERT INTO `customer_shares_shortselling` VALUES (25, 15, 0);
INSERT INTO `customer_shares_shortselling` VALUES (26, 1, 0);
INSERT INTO `customer_shares_shortselling` VALUES (26, 2, 0);
INSERT INTO `customer_shares_shortselling` VALUES (26, 3, 0);
INSERT INTO `customer_shares_shortselling` VALUES (26, 4, 0);
INSERT INTO `customer_shares_shortselling` VALUES (26, 5, 0);
INSERT INTO `customer_shares_shortselling` VALUES (26, 6, 0);
INSERT INTO `customer_shares_shortselling` VALUES (26, 7, 0);
INSERT INTO `customer_shares_shortselling` VALUES (26, 8, 0);
INSERT INTO `customer_shares_shortselling` VALUES (26, 9, 0);
INSERT INTO `customer_shares_shortselling` VALUES (26, 10, 0);
INSERT INTO `customer_shares_shortselling` VALUES (26, 11, 0);
INSERT INTO `customer_shares_shortselling` VALUES (26, 12, 0);
INSERT INTO `customer_shares_shortselling` VALUES (26, 13, 0);
INSERT INTO `customer_shares_shortselling` VALUES (26, 14, 0);
INSERT INTO `customer_shares_shortselling` VALUES (26, 15, 0);
INSERT INTO `customer_shares_shortselling` VALUES (27, 1, 0);
INSERT INTO `customer_shares_shortselling` VALUES (27, 2, 0);
INSERT INTO `customer_shares_shortselling` VALUES (27, 3, 0);
INSERT INTO `customer_shares_shortselling` VALUES (27, 4, 0);
INSERT INTO `customer_shares_shortselling` VALUES (27, 5, 0);
INSERT INTO `customer_shares_shortselling` VALUES (27, 6, 0);
INSERT INTO `customer_shares_shortselling` VALUES (27, 7, 0);
INSERT INTO `customer_shares_shortselling` VALUES (27, 8, 0);
INSERT INTO `customer_shares_shortselling` VALUES (27, 9, 0);
INSERT INTO `customer_shares_shortselling` VALUES (27, 10, 0);
INSERT INTO `customer_shares_shortselling` VALUES (27, 11, 0);
INSERT INTO `customer_shares_shortselling` VALUES (27, 12, 0);
INSERT INTO `customer_shares_shortselling` VALUES (27, 13, 0);
INSERT INTO `customer_shares_shortselling` VALUES (27, 14, 0);
INSERT INTO `customer_shares_shortselling` VALUES (27, 15, 0);
INSERT INTO `customer_shares_shortselling` VALUES (28, 1, 0);
INSERT INTO `customer_shares_shortselling` VALUES (28, 2, 0);
INSERT INTO `customer_shares_shortselling` VALUES (28, 3, 0);
INSERT INTO `customer_shares_shortselling` VALUES (28, 4, 0);
INSERT INTO `customer_shares_shortselling` VALUES (28, 5, 0);
INSERT INTO `customer_shares_shortselling` VALUES (28, 6, 0);
INSERT INTO `customer_shares_shortselling` VALUES (28, 7, 0);
INSERT INTO `customer_shares_shortselling` VALUES (28, 8, 0);
INSERT INTO `customer_shares_shortselling` VALUES (28, 9, 0);
INSERT INTO `customer_shares_shortselling` VALUES (28, 10, 0);
INSERT INTO `customer_shares_shortselling` VALUES (28, 11, 0);
INSERT INTO `customer_shares_shortselling` VALUES (28, 12, 0);
INSERT INTO `customer_shares_shortselling` VALUES (28, 13, 0);
INSERT INTO `customer_shares_shortselling` VALUES (28, 14, 0);
INSERT INTO `customer_shares_shortselling` VALUES (28, 15, 0);
INSERT INTO `customer_shares_shortselling` VALUES (29, 1, 0);
INSERT INTO `customer_shares_shortselling` VALUES (29, 2, 0);
INSERT INTO `customer_shares_shortselling` VALUES (29, 3, 0);
INSERT INTO `customer_shares_shortselling` VALUES (29, 4, 0);
INSERT INTO `customer_shares_shortselling` VALUES (29, 5, 0);
INSERT INTO `customer_shares_shortselling` VALUES (29, 6, 0);
INSERT INTO `customer_shares_shortselling` VALUES (29, 7, 0);
INSERT INTO `customer_shares_shortselling` VALUES (29, 8, 0);
INSERT INTO `customer_shares_shortselling` VALUES (29, 9, 0);
INSERT INTO `customer_shares_shortselling` VALUES (29, 10, 0);
INSERT INTO `customer_shares_shortselling` VALUES (29, 11, 0);
INSERT INTO `customer_shares_shortselling` VALUES (29, 12, 0);
INSERT INTO `customer_shares_shortselling` VALUES (29, 13, 0);
INSERT INTO `customer_shares_shortselling` VALUES (29, 14, 0);
INSERT INTO `customer_shares_shortselling` VALUES (29, 15, 0);
INSERT INTO `customer_shares_shortselling` VALUES (30, 1, 0);
INSERT INTO `customer_shares_shortselling` VALUES (30, 2, 0);
INSERT INTO `customer_shares_shortselling` VALUES (30, 3, 0);
INSERT INTO `customer_shares_shortselling` VALUES (30, 4, 0);
INSERT INTO `customer_shares_shortselling` VALUES (30, 5, 0);
INSERT INTO `customer_shares_shortselling` VALUES (30, 6, 0);
INSERT INTO `customer_shares_shortselling` VALUES (30, 7, 0);
INSERT INTO `customer_shares_shortselling` VALUES (30, 8, 0);
INSERT INTO `customer_shares_shortselling` VALUES (30, 9, 0);
INSERT INTO `customer_shares_shortselling` VALUES (30, 10, 0);
INSERT INTO `customer_shares_shortselling` VALUES (30, 11, 0);
INSERT INTO `customer_shares_shortselling` VALUES (30, 12, 0);
INSERT INTO `customer_shares_shortselling` VALUES (30, 13, 0);
INSERT INTO `customer_shares_shortselling` VALUES (30, 14, 0);
INSERT INTO `customer_shares_shortselling` VALUES (30, 15, 0);
INSERT INTO `customer_shares_shortselling` VALUES (31, 1, 0);
INSERT INTO `customer_shares_shortselling` VALUES (31, 2, 0);
INSERT INTO `customer_shares_shortselling` VALUES (31, 3, 0);
INSERT INTO `customer_shares_shortselling` VALUES (31, 4, 0);
INSERT INTO `customer_shares_shortselling` VALUES (31, 5, 0);
INSERT INTO `customer_shares_shortselling` VALUES (31, 6, 0);
INSERT INTO `customer_shares_shortselling` VALUES (31, 7, 0);
INSERT INTO `customer_shares_shortselling` VALUES (31, 8, 0);
INSERT INTO `customer_shares_shortselling` VALUES (31, 9, 0);
INSERT INTO `customer_shares_shortselling` VALUES (31, 10, 0);
INSERT INTO `customer_shares_shortselling` VALUES (31, 11, 0);
INSERT INTO `customer_shares_shortselling` VALUES (31, 12, 0);
INSERT INTO `customer_shares_shortselling` VALUES (31, 13, 0);
INSERT INTO `customer_shares_shortselling` VALUES (31, 14, 0);
INSERT INTO `customer_shares_shortselling` VALUES (31, 15, 0);
INSERT INTO `customer_shares_shortselling` VALUES (32, 1, 0);
INSERT INTO `customer_shares_shortselling` VALUES (32, 2, 0);
INSERT INTO `customer_shares_shortselling` VALUES (32, 3, 0);
INSERT INTO `customer_shares_shortselling` VALUES (32, 4, 0);
INSERT INTO `customer_shares_shortselling` VALUES (32, 5, 0);
INSERT INTO `customer_shares_shortselling` VALUES (32, 6, 0);
INSERT INTO `customer_shares_shortselling` VALUES (32, 7, 0);
INSERT INTO `customer_shares_shortselling` VALUES (32, 8, 0);
INSERT INTO `customer_shares_shortselling` VALUES (32, 9, 0);
INSERT INTO `customer_shares_shortselling` VALUES (32, 10, 0);
INSERT INTO `customer_shares_shortselling` VALUES (32, 11, 0);
INSERT INTO `customer_shares_shortselling` VALUES (32, 12, 0);
INSERT INTO `customer_shares_shortselling` VALUES (32, 13, 0);
INSERT INTO `customer_shares_shortselling` VALUES (32, 14, 0);
INSERT INTO `customer_shares_shortselling` VALUES (32, 15, 0);
INSERT INTO `customer_shares_shortselling` VALUES (33, 1, 0);
INSERT INTO `customer_shares_shortselling` VALUES (33, 2, 0);
INSERT INTO `customer_shares_shortselling` VALUES (33, 3, 0);
INSERT INTO `customer_shares_shortselling` VALUES (33, 4, 0);
INSERT INTO `customer_shares_shortselling` VALUES (33, 5, 0);
INSERT INTO `customer_shares_shortselling` VALUES (33, 6, 0);
INSERT INTO `customer_shares_shortselling` VALUES (33, 7, 0);
INSERT INTO `customer_shares_shortselling` VALUES (33, 8, 0);
INSERT INTO `customer_shares_shortselling` VALUES (33, 9, 0);
INSERT INTO `customer_shares_shortselling` VALUES (33, 10, 0);
INSERT INTO `customer_shares_shortselling` VALUES (33, 11, 0);
INSERT INTO `customer_shares_shortselling` VALUES (33, 12, 0);
INSERT INTO `customer_shares_shortselling` VALUES (33, 13, 0);
INSERT INTO `customer_shares_shortselling` VALUES (33, 14, 0);
INSERT INTO `customer_shares_shortselling` VALUES (33, 15, 0);
INSERT INTO `customer_shares_shortselling` VALUES (34, 1, 0);
INSERT INTO `customer_shares_shortselling` VALUES (34, 2, 0);
INSERT INTO `customer_shares_shortselling` VALUES (34, 3, 0);
INSERT INTO `customer_shares_shortselling` VALUES (34, 4, 0);
INSERT INTO `customer_shares_shortselling` VALUES (34, 5, 0);
INSERT INTO `customer_shares_shortselling` VALUES (34, 6, 0);
INSERT INTO `customer_shares_shortselling` VALUES (34, 7, 0);
INSERT INTO `customer_shares_shortselling` VALUES (34, 8, 0);
INSERT INTO `customer_shares_shortselling` VALUES (34, 9, 0);
INSERT INTO `customer_shares_shortselling` VALUES (34, 10, 0);
INSERT INTO `customer_shares_shortselling` VALUES (34, 11, 0);
INSERT INTO `customer_shares_shortselling` VALUES (34, 12, 0);
INSERT INTO `customer_shares_shortselling` VALUES (34, 13, 0);
INSERT INTO `customer_shares_shortselling` VALUES (34, 14, 0);
INSERT INTO `customer_shares_shortselling` VALUES (34, 15, 0);
INSERT INTO `customer_shares_shortselling` VALUES (35, 1, 0);
INSERT INTO `customer_shares_shortselling` VALUES (35, 2, 0);
INSERT INTO `customer_shares_shortselling` VALUES (35, 3, 0);
INSERT INTO `customer_shares_shortselling` VALUES (35, 4, 0);
INSERT INTO `customer_shares_shortselling` VALUES (35, 5, 0);
INSERT INTO `customer_shares_shortselling` VALUES (35, 6, 0);
INSERT INTO `customer_shares_shortselling` VALUES (35, 7, 0);
INSERT INTO `customer_shares_shortselling` VALUES (35, 8, 0);
INSERT INTO `customer_shares_shortselling` VALUES (35, 9, 0);
INSERT INTO `customer_shares_shortselling` VALUES (35, 10, 0);
INSERT INTO `customer_shares_shortselling` VALUES (35, 11, 0);
INSERT INTO `customer_shares_shortselling` VALUES (35, 12, 0);
INSERT INTO `customer_shares_shortselling` VALUES (35, 13, 0);
INSERT INTO `customer_shares_shortselling` VALUES (35, 14, 0);
INSERT INTO `customer_shares_shortselling` VALUES (35, 15, 0);
INSERT INTO `customer_shares_shortselling` VALUES (36, 1, 0);
INSERT INTO `customer_shares_shortselling` VALUES (36, 2, 0);
INSERT INTO `customer_shares_shortselling` VALUES (36, 3, 0);
INSERT INTO `customer_shares_shortselling` VALUES (36, 4, 0);
INSERT INTO `customer_shares_shortselling` VALUES (36, 5, 0);
INSERT INTO `customer_shares_shortselling` VALUES (36, 6, 0);
INSERT INTO `customer_shares_shortselling` VALUES (36, 7, 0);
INSERT INTO `customer_shares_shortselling` VALUES (36, 8, 0);
INSERT INTO `customer_shares_shortselling` VALUES (36, 9, 0);
INSERT INTO `customer_shares_shortselling` VALUES (36, 10, 0);
INSERT INTO `customer_shares_shortselling` VALUES (36, 11, 0);
INSERT INTO `customer_shares_shortselling` VALUES (36, 12, 0);
INSERT INTO `customer_shares_shortselling` VALUES (36, 13, 0);
INSERT INTO `customer_shares_shortselling` VALUES (36, 14, 0);
INSERT INTO `customer_shares_shortselling` VALUES (36, 15, 0);
INSERT INTO `customer_shares_shortselling` VALUES (37, 1, 0);
INSERT INTO `customer_shares_shortselling` VALUES (37, 2, 0);
INSERT INTO `customer_shares_shortselling` VALUES (37, 3, 0);
INSERT INTO `customer_shares_shortselling` VALUES (37, 4, 0);
INSERT INTO `customer_shares_shortselling` VALUES (37, 5, 0);
INSERT INTO `customer_shares_shortselling` VALUES (37, 6, 0);
INSERT INTO `customer_shares_shortselling` VALUES (37, 7, 0);
INSERT INTO `customer_shares_shortselling` VALUES (37, 8, 0);
INSERT INTO `customer_shares_shortselling` VALUES (37, 9, 0);
INSERT INTO `customer_shares_shortselling` VALUES (37, 10, 0);
INSERT INTO `customer_shares_shortselling` VALUES (37, 11, 0);
INSERT INTO `customer_shares_shortselling` VALUES (37, 12, 0);
INSERT INTO `customer_shares_shortselling` VALUES (37, 13, 0);
INSERT INTO `customer_shares_shortselling` VALUES (37, 14, 0);
INSERT INTO `customer_shares_shortselling` VALUES (37, 15, 0);
INSERT INTO `customer_shares_shortselling` VALUES (38, 1, 0);
INSERT INTO `customer_shares_shortselling` VALUES (38, 2, 0);
INSERT INTO `customer_shares_shortselling` VALUES (38, 3, 0);
INSERT INTO `customer_shares_shortselling` VALUES (38, 4, 0);
INSERT INTO `customer_shares_shortselling` VALUES (38, 5, 0);
INSERT INTO `customer_shares_shortselling` VALUES (38, 6, 0);
INSERT INTO `customer_shares_shortselling` VALUES (38, 7, 0);
INSERT INTO `customer_shares_shortselling` VALUES (38, 8, 0);
INSERT INTO `customer_shares_shortselling` VALUES (38, 9, 0);
INSERT INTO `customer_shares_shortselling` VALUES (38, 10, 0);
INSERT INTO `customer_shares_shortselling` VALUES (38, 11, 0);
INSERT INTO `customer_shares_shortselling` VALUES (38, 12, 0);
INSERT INTO `customer_shares_shortselling` VALUES (38, 13, 0);
INSERT INTO `customer_shares_shortselling` VALUES (38, 14, 0);
INSERT INTO `customer_shares_shortselling` VALUES (38, 15, 0);
INSERT INTO `customer_shares_shortselling` VALUES (39, 1, 0);
INSERT INTO `customer_shares_shortselling` VALUES (39, 2, 0);
INSERT INTO `customer_shares_shortselling` VALUES (39, 3, 0);
INSERT INTO `customer_shares_shortselling` VALUES (39, 4, 0);
INSERT INTO `customer_shares_shortselling` VALUES (39, 5, 0);
INSERT INTO `customer_shares_shortselling` VALUES (39, 6, 0);
INSERT INTO `customer_shares_shortselling` VALUES (39, 7, 0);
INSERT INTO `customer_shares_shortselling` VALUES (39, 8, 0);
INSERT INTO `customer_shares_shortselling` VALUES (39, 9, 0);
INSERT INTO `customer_shares_shortselling` VALUES (39, 10, 0);
INSERT INTO `customer_shares_shortselling` VALUES (39, 11, 0);
INSERT INTO `customer_shares_shortselling` VALUES (39, 12, 0);
INSERT INTO `customer_shares_shortselling` VALUES (39, 13, 0);
INSERT INTO `customer_shares_shortselling` VALUES (39, 14, 0);
INSERT INTO `customer_shares_shortselling` VALUES (39, 15, 0);
INSERT INTO `customer_shares_shortselling` VALUES (40, 1, 0);
INSERT INTO `customer_shares_shortselling` VALUES (40, 2, 0);
INSERT INTO `customer_shares_shortselling` VALUES (40, 3, 0);
INSERT INTO `customer_shares_shortselling` VALUES (40, 4, 0);
INSERT INTO `customer_shares_shortselling` VALUES (40, 5, 0);
INSERT INTO `customer_shares_shortselling` VALUES (40, 6, 0);
INSERT INTO `customer_shares_shortselling` VALUES (40, 7, 0);
INSERT INTO `customer_shares_shortselling` VALUES (40, 8, 0);
INSERT INTO `customer_shares_shortselling` VALUES (40, 9, 0);
INSERT INTO `customer_shares_shortselling` VALUES (40, 10, 0);
INSERT INTO `customer_shares_shortselling` VALUES (40, 11, 0);
INSERT INTO `customer_shares_shortselling` VALUES (40, 12, 0);
INSERT INTO `customer_shares_shortselling` VALUES (40, 13, 0);
INSERT INTO `customer_shares_shortselling` VALUES (40, 14, 0);
INSERT INTO `customer_shares_shortselling` VALUES (40, 15, 0);
INSERT INTO `customer_shares_shortselling` VALUES (41, 1, 0);
INSERT INTO `customer_shares_shortselling` VALUES (41, 2, 0);
INSERT INTO `customer_shares_shortselling` VALUES (41, 3, 0);
INSERT INTO `customer_shares_shortselling` VALUES (41, 4, 0);
INSERT INTO `customer_shares_shortselling` VALUES (41, 5, 0);
INSERT INTO `customer_shares_shortselling` VALUES (41, 6, 0);
INSERT INTO `customer_shares_shortselling` VALUES (41, 7, 0);
INSERT INTO `customer_shares_shortselling` VALUES (41, 8, 0);
INSERT INTO `customer_shares_shortselling` VALUES (41, 9, 0);
INSERT INTO `customer_shares_shortselling` VALUES (41, 10, 0);
INSERT INTO `customer_shares_shortselling` VALUES (41, 11, 0);
INSERT INTO `customer_shares_shortselling` VALUES (41, 12, 0);
INSERT INTO `customer_shares_shortselling` VALUES (41, 13, 0);
INSERT INTO `customer_shares_shortselling` VALUES (41, 14, 0);
INSERT INTO `customer_shares_shortselling` VALUES (41, 15, 0);
INSERT INTO `customer_shares_shortselling` VALUES (42, 1, 0);
INSERT INTO `customer_shares_shortselling` VALUES (42, 2, 0);
INSERT INTO `customer_shares_shortselling` VALUES (42, 3, 0);
INSERT INTO `customer_shares_shortselling` VALUES (42, 4, 0);
INSERT INTO `customer_shares_shortselling` VALUES (42, 5, 0);
INSERT INTO `customer_shares_shortselling` VALUES (42, 6, 0);
INSERT INTO `customer_shares_shortselling` VALUES (42, 7, 0);
INSERT INTO `customer_shares_shortselling` VALUES (42, 8, 0);
INSERT INTO `customer_shares_shortselling` VALUES (42, 9, 0);
INSERT INTO `customer_shares_shortselling` VALUES (42, 10, 0);
INSERT INTO `customer_shares_shortselling` VALUES (42, 11, 0);
INSERT INTO `customer_shares_shortselling` VALUES (42, 12, 0);
INSERT INTO `customer_shares_shortselling` VALUES (42, 13, 0);
INSERT INTO `customer_shares_shortselling` VALUES (42, 14, 0);
INSERT INTO `customer_shares_shortselling` VALUES (42, 15, 0);
INSERT INTO `customer_shares_shortselling` VALUES (43, 1, 0);
INSERT INTO `customer_shares_shortselling` VALUES (43, 2, 0);
INSERT INTO `customer_shares_shortselling` VALUES (43, 3, 0);
INSERT INTO `customer_shares_shortselling` VALUES (43, 4, 0);
INSERT INTO `customer_shares_shortselling` VALUES (43, 5, 0);
INSERT INTO `customer_shares_shortselling` VALUES (43, 6, 0);
INSERT INTO `customer_shares_shortselling` VALUES (43, 7, 0);
INSERT INTO `customer_shares_shortselling` VALUES (43, 8, 0);
INSERT INTO `customer_shares_shortselling` VALUES (43, 9, 0);
INSERT INTO `customer_shares_shortselling` VALUES (43, 10, 0);
INSERT INTO `customer_shares_shortselling` VALUES (43, 11, 0);
INSERT INTO `customer_shares_shortselling` VALUES (43, 12, 0);
INSERT INTO `customer_shares_shortselling` VALUES (43, 13, 0);
INSERT INTO `customer_shares_shortselling` VALUES (43, 14, 0);
INSERT INTO `customer_shares_shortselling` VALUES (43, 15, 0);
INSERT INTO `customer_shares_shortselling` VALUES (44, 1, 0);
INSERT INTO `customer_shares_shortselling` VALUES (44, 2, 0);
INSERT INTO `customer_shares_shortselling` VALUES (44, 3, 0);
INSERT INTO `customer_shares_shortselling` VALUES (44, 4, 0);
INSERT INTO `customer_shares_shortselling` VALUES (44, 5, 0);
INSERT INTO `customer_shares_shortselling` VALUES (44, 6, 0);
INSERT INTO `customer_shares_shortselling` VALUES (44, 7, 0);
INSERT INTO `customer_shares_shortselling` VALUES (44, 8, 0);
INSERT INTO `customer_shares_shortselling` VALUES (44, 9, 0);
INSERT INTO `customer_shares_shortselling` VALUES (44, 10, 0);
INSERT INTO `customer_shares_shortselling` VALUES (44, 11, 0);
INSERT INTO `customer_shares_shortselling` VALUES (44, 12, 0);
INSERT INTO `customer_shares_shortselling` VALUES (44, 13, 0);
INSERT INTO `customer_shares_shortselling` VALUES (44, 14, 0);
INSERT INTO `customer_shares_shortselling` VALUES (44, 15, 0);
INSERT INTO `customer_shares_shortselling` VALUES (45, 1, 0);
INSERT INTO `customer_shares_shortselling` VALUES (45, 2, 0);
INSERT INTO `customer_shares_shortselling` VALUES (45, 3, 0);
INSERT INTO `customer_shares_shortselling` VALUES (45, 4, 0);
INSERT INTO `customer_shares_shortselling` VALUES (45, 5, 0);
INSERT INTO `customer_shares_shortselling` VALUES (45, 6, 0);
INSERT INTO `customer_shares_shortselling` VALUES (45, 7, 0);
INSERT INTO `customer_shares_shortselling` VALUES (45, 8, 0);
INSERT INTO `customer_shares_shortselling` VALUES (45, 9, 0);
INSERT INTO `customer_shares_shortselling` VALUES (45, 10, 0);
INSERT INTO `customer_shares_shortselling` VALUES (45, 11, 0);
INSERT INTO `customer_shares_shortselling` VALUES (45, 12, 0);
INSERT INTO `customer_shares_shortselling` VALUES (45, 13, 0);
INSERT INTO `customer_shares_shortselling` VALUES (45, 14, 0);
INSERT INTO `customer_shares_shortselling` VALUES (45, 15, 0);
INSERT INTO `customer_shares_shortselling` VALUES (46, 1, 0);
INSERT INTO `customer_shares_shortselling` VALUES (46, 2, 0);
INSERT INTO `customer_shares_shortselling` VALUES (46, 3, 0);
INSERT INTO `customer_shares_shortselling` VALUES (46, 4, 0);
INSERT INTO `customer_shares_shortselling` VALUES (46, 5, 0);
INSERT INTO `customer_shares_shortselling` VALUES (46, 6, 0);
INSERT INTO `customer_shares_shortselling` VALUES (46, 7, 0);
INSERT INTO `customer_shares_shortselling` VALUES (46, 8, 0);
INSERT INTO `customer_shares_shortselling` VALUES (46, 9, 0);
INSERT INTO `customer_shares_shortselling` VALUES (46, 10, 0);
INSERT INTO `customer_shares_shortselling` VALUES (46, 11, 0);
INSERT INTO `customer_shares_shortselling` VALUES (46, 12, 0);
INSERT INTO `customer_shares_shortselling` VALUES (46, 13, 0);
INSERT INTO `customer_shares_shortselling` VALUES (46, 14, 0);
INSERT INTO `customer_shares_shortselling` VALUES (46, 15, 0);
INSERT INTO `customer_shares_shortselling` VALUES (47, 1, 0);
INSERT INTO `customer_shares_shortselling` VALUES (47, 2, 0);
INSERT INTO `customer_shares_shortselling` VALUES (47, 3, 0);
INSERT INTO `customer_shares_shortselling` VALUES (47, 4, 0);
INSERT INTO `customer_shares_shortselling` VALUES (47, 5, 0);
INSERT INTO `customer_shares_shortselling` VALUES (47, 6, 0);
INSERT INTO `customer_shares_shortselling` VALUES (47, 7, 0);
INSERT INTO `customer_shares_shortselling` VALUES (47, 8, 0);
INSERT INTO `customer_shares_shortselling` VALUES (47, 9, 0);
INSERT INTO `customer_shares_shortselling` VALUES (47, 10, 0);
INSERT INTO `customer_shares_shortselling` VALUES (47, 11, 0);
INSERT INTO `customer_shares_shortselling` VALUES (47, 12, 0);
INSERT INTO `customer_shares_shortselling` VALUES (47, 13, 0);
INSERT INTO `customer_shares_shortselling` VALUES (47, 14, 0);
INSERT INTO `customer_shares_shortselling` VALUES (47, 15, 0);
INSERT INTO `customer_shares_shortselling` VALUES (48, 1, 0);
INSERT INTO `customer_shares_shortselling` VALUES (48, 2, 0);
INSERT INTO `customer_shares_shortselling` VALUES (48, 3, 0);
INSERT INTO `customer_shares_shortselling` VALUES (48, 4, 0);
INSERT INTO `customer_shares_shortselling` VALUES (48, 5, 0);
INSERT INTO `customer_shares_shortselling` VALUES (48, 6, 0);
INSERT INTO `customer_shares_shortselling` VALUES (48, 7, 0);
INSERT INTO `customer_shares_shortselling` VALUES (48, 8, 0);
INSERT INTO `customer_shares_shortselling` VALUES (48, 9, 0);
INSERT INTO `customer_shares_shortselling` VALUES (48, 10, 0);
INSERT INTO `customer_shares_shortselling` VALUES (48, 11, 0);
INSERT INTO `customer_shares_shortselling` VALUES (48, 12, 0);
INSERT INTO `customer_shares_shortselling` VALUES (48, 13, 0);
INSERT INTO `customer_shares_shortselling` VALUES (48, 14, 0);
INSERT INTO `customer_shares_shortselling` VALUES (48, 15, 0);
INSERT INTO `customer_shares_shortselling` VALUES (49, 1, 0);
INSERT INTO `customer_shares_shortselling` VALUES (49, 2, 0);
INSERT INTO `customer_shares_shortselling` VALUES (49, 3, 0);
INSERT INTO `customer_shares_shortselling` VALUES (49, 4, 0);
INSERT INTO `customer_shares_shortselling` VALUES (49, 5, 0);
INSERT INTO `customer_shares_shortselling` VALUES (49, 6, 0);
INSERT INTO `customer_shares_shortselling` VALUES (49, 7, 0);
INSERT INTO `customer_shares_shortselling` VALUES (49, 8, 0);
INSERT INTO `customer_shares_shortselling` VALUES (49, 9, 0);
INSERT INTO `customer_shares_shortselling` VALUES (49, 10, 0);
INSERT INTO `customer_shares_shortselling` VALUES (49, 11, 0);
INSERT INTO `customer_shares_shortselling` VALUES (49, 12, 0);
INSERT INTO `customer_shares_shortselling` VALUES (49, 13, 0);
INSERT INTO `customer_shares_shortselling` VALUES (49, 14, 0);
INSERT INTO `customer_shares_shortselling` VALUES (49, 15, 0);
INSERT INTO `customer_shares_shortselling` VALUES (50, 1, 0);
INSERT INTO `customer_shares_shortselling` VALUES (50, 2, 0);
INSERT INTO `customer_shares_shortselling` VALUES (50, 3, 0);
INSERT INTO `customer_shares_shortselling` VALUES (50, 4, 0);
INSERT INTO `customer_shares_shortselling` VALUES (50, 5, 0);
INSERT INTO `customer_shares_shortselling` VALUES (50, 6, 0);
INSERT INTO `customer_shares_shortselling` VALUES (50, 7, 0);
INSERT INTO `customer_shares_shortselling` VALUES (50, 8, 0);
INSERT INTO `customer_shares_shortselling` VALUES (50, 9, 0);
INSERT INTO `customer_shares_shortselling` VALUES (50, 10, 0);
INSERT INTO `customer_shares_shortselling` VALUES (50, 11, 0);
INSERT INTO `customer_shares_shortselling` VALUES (50, 12, 0);
INSERT INTO `customer_shares_shortselling` VALUES (50, 13, 0);
INSERT INTO `customer_shares_shortselling` VALUES (50, 14, 0);
INSERT INTO `customer_shares_shortselling` VALUES (50, 15, 0);
INSERT INTO `customer_shares_shortselling` VALUES (51, 1, 0);
INSERT INTO `customer_shares_shortselling` VALUES (51, 2, 0);
INSERT INTO `customer_shares_shortselling` VALUES (51, 3, 0);
INSERT INTO `customer_shares_shortselling` VALUES (51, 4, 0);
INSERT INTO `customer_shares_shortselling` VALUES (51, 5, 0);
INSERT INTO `customer_shares_shortselling` VALUES (51, 6, 0);
INSERT INTO `customer_shares_shortselling` VALUES (51, 7, 0);
INSERT INTO `customer_shares_shortselling` VALUES (51, 8, 0);
INSERT INTO `customer_shares_shortselling` VALUES (51, 9, 0);
INSERT INTO `customer_shares_shortselling` VALUES (51, 10, 0);
INSERT INTO `customer_shares_shortselling` VALUES (51, 11, 0);
INSERT INTO `customer_shares_shortselling` VALUES (51, 12, 0);
INSERT INTO `customer_shares_shortselling` VALUES (51, 13, 0);
INSERT INTO `customer_shares_shortselling` VALUES (51, 14, 0);
INSERT INTO `customer_shares_shortselling` VALUES (51, 15, 0);
INSERT INTO `customer_shares_shortselling` VALUES (52, 1, 0);
INSERT INTO `customer_shares_shortselling` VALUES (52, 2, 0);
INSERT INTO `customer_shares_shortselling` VALUES (52, 3, 0);
INSERT INTO `customer_shares_shortselling` VALUES (52, 4, 0);
INSERT INTO `customer_shares_shortselling` VALUES (52, 5, 0);
INSERT INTO `customer_shares_shortselling` VALUES (52, 6, 0);
INSERT INTO `customer_shares_shortselling` VALUES (52, 7, 0);
INSERT INTO `customer_shares_shortselling` VALUES (52, 8, 0);
INSERT INTO `customer_shares_shortselling` VALUES (52, 9, 0);
INSERT INTO `customer_shares_shortselling` VALUES (52, 10, 0);
INSERT INTO `customer_shares_shortselling` VALUES (52, 11, 0);
INSERT INTO `customer_shares_shortselling` VALUES (52, 12, 0);
INSERT INTO `customer_shares_shortselling` VALUES (52, 13, 0);
INSERT INTO `customer_shares_shortselling` VALUES (52, 14, 0);
INSERT INTO `customer_shares_shortselling` VALUES (52, 15, 0);
INSERT INTO `customer_shares_shortselling` VALUES (53, 1, 0);
INSERT INTO `customer_shares_shortselling` VALUES (53, 2, 0);
INSERT INTO `customer_shares_shortselling` VALUES (53, 3, 0);
INSERT INTO `customer_shares_shortselling` VALUES (53, 4, 0);
INSERT INTO `customer_shares_shortselling` VALUES (53, 5, 0);
INSERT INTO `customer_shares_shortselling` VALUES (53, 6, 0);
INSERT INTO `customer_shares_shortselling` VALUES (53, 7, 0);
INSERT INTO `customer_shares_shortselling` VALUES (53, 8, 0);
INSERT INTO `customer_shares_shortselling` VALUES (53, 9, 0);
INSERT INTO `customer_shares_shortselling` VALUES (53, 10, 0);
INSERT INTO `customer_shares_shortselling` VALUES (53, 11, 0);
INSERT INTO `customer_shares_shortselling` VALUES (53, 12, 0);
INSERT INTO `customer_shares_shortselling` VALUES (53, 13, 0);
INSERT INTO `customer_shares_shortselling` VALUES (53, 14, 0);
INSERT INTO `customer_shares_shortselling` VALUES (53, 15, 0);
INSERT INTO `customer_shares_shortselling` VALUES (54, 1, 0);
INSERT INTO `customer_shares_shortselling` VALUES (54, 2, 0);
INSERT INTO `customer_shares_shortselling` VALUES (54, 3, 0);
INSERT INTO `customer_shares_shortselling` VALUES (54, 4, 0);
INSERT INTO `customer_shares_shortselling` VALUES (54, 5, 0);
INSERT INTO `customer_shares_shortselling` VALUES (54, 6, 0);
INSERT INTO `customer_shares_shortselling` VALUES (54, 7, 0);
INSERT INTO `customer_shares_shortselling` VALUES (54, 8, 0);
INSERT INTO `customer_shares_shortselling` VALUES (54, 9, 0);
INSERT INTO `customer_shares_shortselling` VALUES (54, 10, 0);
INSERT INTO `customer_shares_shortselling` VALUES (54, 11, 0);
INSERT INTO `customer_shares_shortselling` VALUES (54, 12, 0);
INSERT INTO `customer_shares_shortselling` VALUES (54, 13, 0);
INSERT INTO `customer_shares_shortselling` VALUES (54, 14, 0);
INSERT INTO `customer_shares_shortselling` VALUES (54, 15, 0);
INSERT INTO `customer_shares_shortselling` VALUES (55, 1, 0);
INSERT INTO `customer_shares_shortselling` VALUES (55, 2, 0);
INSERT INTO `customer_shares_shortselling` VALUES (55, 3, 0);
INSERT INTO `customer_shares_shortselling` VALUES (55, 4, 0);
INSERT INTO `customer_shares_shortselling` VALUES (55, 5, 0);
INSERT INTO `customer_shares_shortselling` VALUES (55, 6, 0);
INSERT INTO `customer_shares_shortselling` VALUES (55, 7, 0);
INSERT INTO `customer_shares_shortselling` VALUES (55, 8, 0);
INSERT INTO `customer_shares_shortselling` VALUES (55, 9, 0);
INSERT INTO `customer_shares_shortselling` VALUES (55, 10, 0);
INSERT INTO `customer_shares_shortselling` VALUES (55, 11, 0);
INSERT INTO `customer_shares_shortselling` VALUES (55, 12, 0);
INSERT INTO `customer_shares_shortselling` VALUES (55, 13, 0);
INSERT INTO `customer_shares_shortselling` VALUES (55, 14, 0);
INSERT INTO `customer_shares_shortselling` VALUES (55, 15, 0);

-- --------------------------------------------------------

-- 
-- Table structure for table `headlines`
-- 

CREATE TABLE `headlines` (
  `id` int(3) NOT NULL auto_increment,
  `headline` text NOT NULL,
  `time` timestamp NOT NULL default CURRENT_TIMESTAMP,
  `flag` tinyint(1) NOT NULL default '0',
  PRIMARY KEY  (`id`)
) ENGINE=MyISAM DEFAULT CHARSET=latin1 AUTO_INCREMENT=26 ;

-- 
-- Dumping data for table `headlines`
-- 

INSERT INTO `headlines` VALUES (1, '	Star plus new K.B.C. increases its TRP ratings.', '2007-02-22 07:13:49', 1);
INSERT INTO `headlines` VALUES (2, '	Sameer Jain  and Peter Mukherjee stated to leave star.', '2007-02-22 07:14:19', 1);
INSERT INTO `headlines` VALUES (3, '	High growth in fee,other income probes icici', '2007-02-22 07:15:07', 0);
INSERT INTO `headlines` VALUES (4, '	High growth in fee,other income probes icici.', '2007-02-22 07:15:52', 0);
INSERT INTO `headlines` VALUES (5, 'Excel soft launches a new product saraf anticipated by everyone.', '2007-02-22 07:20:27', 0);
INSERT INTO `headlines` VALUES (6, 'Shakti to setup a new polyester plant in Gujrat.', '2007-02-22 07:20:56', 1);
INSERT INTO `headlines` VALUES (7, 'Excel soft predicted as next big company in software.', '2007-02-22 07:23:21', 0);
INSERT INTO `headlines` VALUES (8, 'Satyam bags contract from apple to inmprove Mac-os.', '2007-02-22 07:23:42', 0);
INSERT INTO `headlines` VALUES (9, 'SRK''S K.B.C. increases STAR''S TRP ratings.', '2007-02-22 07:25:36', 0);
INSERT INTO `headlines` VALUES (10, 'HMSI ( Honda motor cycles and scooters INDIA ) plans 2 enter the high volume segment now dominated by Hero Hondas Splender and Passion models.', '2007-02-22 07:26:09', 1);
INSERT INTO `headlines` VALUES (11, 'ICICI Bank signs MoU with Sangli officers union', '2007-02-22 07:27:15', 0);
INSERT INTO `headlines` VALUES (12, 'Banking sector facing rising problems from politicians', '2007-02-22 08:05:22', 1);
INSERT INTO `headlines` VALUES (13, ' Star news exposes the scandal of Shakti exporting empty boxes to bag new contract- C.B.I. investigating.', '2007-02-22 08:13:03', 1);
INSERT INTO `headlines` VALUES (14, 'Bombay Dyeing textile mills in Silvassa on fire.Cotton worth Rs. 25 lakhs damaged.', '2007-02-22 08:23:56', 1);
INSERT INTO `headlines` VALUES (15, 'Sameer Jain and Peter Mukherjee stated to leave star.', '2007-02-22 08:28:40', 1);
INSERT INTO `headlines` VALUES (16, 'shakti is giving 50% dividend', '2007-02-22 08:30:25', 1);
INSERT INTO `headlines` VALUES (17, 'TCS plans 500 seat strong new delivery center in Mexico.', '2007-02-22 08:36:49', 1);
INSERT INTO `headlines` VALUES (18, 'Hyundai shuts down the production of its new vehicle due to less demand', '2007-02-22 08:46:45', 1);
INSERT INTO `headlines` VALUES (19, 'Govt. bans AXN for showing adult content on TV ', '2007-02-22 08:50:39', 1);
INSERT INTO `headlines` VALUES (20, 'honda calls back vehicles sold in the last one year.Rumour says that there is a defective motor component.', '2007-02-22 08:54:42', 0);
INSERT INTO `headlines` VALUES (21, 'Honda calls back vehicles sold in the last one year.Rumour says that there is a defective motor component.', '2007-02-22 08:55:02', 1);
INSERT INTO `headlines` VALUES (22, 'Rumour says that there is a defective motor component ', '2007-02-22 08:56:21', 1);
INSERT INTO `headlines` VALUES (23, 'Excelsoft sponsors Indian Cricket team to the world cup', '2007-02-22 09:05:21', 1);
INSERT INTO `headlines` VALUES (24, 'Bombay Dying opens a new manufacturing unit worth rs 5000 crore in jaipur', '2007-02-22 09:07:51', 1);
INSERT INTO `headlines` VALUES (25, 'Mr Ramadorai announces  a takeover of 4 new companies', '2007-02-22 09:10:38', 1);

-- --------------------------------------------------------

-- 
-- Table structure for table `log_mutual_fund`
-- 

CREATE TABLE `log_mutual_fund` (
  `log_id` int(10) unsigned NOT NULL auto_increment,
  `customer_id` int(10) unsigned default NULL,
  `invest_withdraw` varchar(10) collate latin1_general_ci default NULL,
  `transaction_amount` int(10) unsigned default NULL,
  `log_timestamp` timestamp NULL default CURRENT_TIMESTAMP,
  PRIMARY KEY  (`log_id`)
) ENGINE=MyISAM DEFAULT CHARSET=latin1 COLLATE=latin1_general_ci AUTO_INCREMENT=161 ;

-- 
-- Dumping data for table `log_mutual_fund`
-- 

INSERT INTO `log_mutual_fund` VALUES (1, 22, 'WITHDRAW', 12000, '2007-02-22 08:08:40');
INSERT INTO `log_mutual_fund` VALUES (2, 43, 'INVEST', 50000, '2007-02-22 08:09:37');
INSERT INTO `log_mutual_fund` VALUES (3, 7, 'INVEST', 9270, '2007-02-22 08:09:37');
INSERT INTO `log_mutual_fund` VALUES (4, 10, 'INVEST', 6952, '2007-02-22 08:09:37');
INSERT INTO `log_mutual_fund` VALUES (5, 11, 'INVEST', 750, '2007-02-22 08:09:37');
INSERT INTO `log_mutual_fund` VALUES (6, 12, 'INVEST', 1800, '2007-02-22 08:09:37');
INSERT INTO `log_mutual_fund` VALUES (7, 13, 'INVEST', 1545, '2007-02-22 08:09:37');
INSERT INTO `log_mutual_fund` VALUES (8, 15, 'INVEST', 1545, '2007-02-22 08:09:37');
INSERT INTO `log_mutual_fund` VALUES (9, 16, 'INVEST', 2100, '2007-02-22 08:09:37');
INSERT INTO `log_mutual_fund` VALUES (10, 22, 'INVEST', 12000, '2007-02-22 08:09:37');
INSERT INTO `log_mutual_fund` VALUES (11, 25, 'INVEST', 2127, '2007-02-22 08:09:37');
INSERT INTO `log_mutual_fund` VALUES (12, 28, 'INVEST', 927, '2007-02-22 08:09:37');
INSERT INTO `log_mutual_fund` VALUES (13, 33, 'INVEST', 927, '2007-02-22 08:09:37');
INSERT INTO `log_mutual_fund` VALUES (14, 36, 'INVEST', 3090, '2007-02-22 08:09:37');
INSERT INTO `log_mutual_fund` VALUES (15, 38, 'INVEST', 3090, '2007-02-22 08:09:37');
INSERT INTO `log_mutual_fund` VALUES (16, 41, 'INVEST', 927, '2007-02-22 08:09:37');
INSERT INTO `log_mutual_fund` VALUES (17, 43, 'INVEST', 10337, '2007-02-22 08:09:37');
INSERT INTO `log_mutual_fund` VALUES (18, 49, 'INVEST', 927, '2007-02-22 08:09:37');
INSERT INTO `log_mutual_fund` VALUES (19, 47, 'INVEST', 100000, '2007-02-22 08:09:58');
INSERT INTO `log_mutual_fund` VALUES (20, 25, 'WITHDRAW', 30000, '2007-02-22 08:10:24');
INSERT INTO `log_mutual_fund` VALUES (21, 15, 'INVEST', 50000, '2007-02-22 08:11:19');
INSERT INTO `log_mutual_fund` VALUES (22, 44, 'INVEST', 125000, '2007-02-22 08:13:40');
INSERT INTO `log_mutual_fund` VALUES (23, 45, 'INVEST', 150000, '2007-02-22 08:14:13');
INSERT INTO `log_mutual_fund` VALUES (24, 7, 'WITHDRAW', 3183, '2007-02-22 08:14:19');
INSERT INTO `log_mutual_fund` VALUES (25, 10, 'WITHDRAW', 2387, '2007-02-22 08:14:19');
INSERT INTO `log_mutual_fund` VALUES (26, 11, 'WITHDRAW', 257, '2007-02-22 08:14:19');
INSERT INTO `log_mutual_fund` VALUES (27, 12, 'WITHDRAW', 618, '2007-02-22 08:14:19');
INSERT INTO `log_mutual_fund` VALUES (28, 13, 'WITHDRAW', 530, '2007-02-22 08:14:19');
INSERT INTO `log_mutual_fund` VALUES (29, 15, 'WITHDRAW', 1030, '2007-02-22 08:14:19');
INSERT INTO `log_mutual_fund` VALUES (30, 16, 'WITHDRAW', 721, '2007-02-22 08:14:19');
INSERT INTO `log_mutual_fund` VALUES (31, 22, 'WITHDRAW', 4120, '2007-02-22 08:14:19');
INSERT INTO `log_mutual_fund` VALUES (32, 25, 'WITHDRAW', 430, '2007-02-22 08:14:19');
INSERT INTO `log_mutual_fund` VALUES (33, 28, 'WITHDRAW', 318, '2007-02-22 08:14:19');
INSERT INTO `log_mutual_fund` VALUES (34, 33, 'WITHDRAW', 318, '2007-02-22 08:14:19');
INSERT INTO `log_mutual_fund` VALUES (35, 36, 'WITHDRAW', 1061, '2007-02-22 08:14:19');
INSERT INTO `log_mutual_fund` VALUES (36, 38, 'WITHDRAW', 1061, '2007-02-22 08:14:19');
INSERT INTO `log_mutual_fund` VALUES (37, 41, 'WITHDRAW', 318, '2007-02-22 08:14:19');
INSERT INTO `log_mutual_fund` VALUES (38, 43, 'WITHDRAW', 3549, '2007-02-22 08:14:19');
INSERT INTO `log_mutual_fund` VALUES (39, 44, 'WITHDRAW', 1250, '2007-02-22 08:14:19');
INSERT INTO `log_mutual_fund` VALUES (40, 45, 'WITHDRAW', 1500, '2007-02-22 08:14:19');
INSERT INTO `log_mutual_fund` VALUES (41, 47, 'WITHDRAW', 1000, '2007-02-22 08:14:19');
INSERT INTO `log_mutual_fund` VALUES (42, 49, 'WITHDRAW', 318, '2007-02-22 08:14:19');
INSERT INTO `log_mutual_fund` VALUES (43, 5, 'INVEST', 150000, '2007-02-22 08:14:36');
INSERT INTO `log_mutual_fund` VALUES (44, 43, 'INVEST', 323700, '2007-02-22 08:15:18');
INSERT INTO `log_mutual_fund` VALUES (45, 22, 'WITHDRAW', 207880, '2007-02-22 08:19:22');
INSERT INTO `log_mutual_fund` VALUES (46, 38, 'WITHDRAW', 105029, '2007-02-22 08:23:31');
INSERT INTO `log_mutual_fund` VALUES (47, 7, 'WITHDRAW', 315087, '2007-02-22 08:24:18');
INSERT INTO `log_mutual_fund` VALUES (48, 43, 'WITHDRAW', 675068, '2007-02-22 08:27:48');
INSERT INTO `log_mutual_fund` VALUES (49, 5, 'WITHDRAW', 3000, '2007-02-22 08:35:39');
INSERT INTO `log_mutual_fund` VALUES (50, 7, 'WITHDRAW', 0, '2007-02-22 08:35:39');
INSERT INTO `log_mutual_fund` VALUES (51, 10, 'WITHDRAW', 4726, '2007-02-22 08:35:39');
INSERT INTO `log_mutual_fund` VALUES (52, 11, 'WITHDRAW', 510, '2007-02-22 08:35:39');
INSERT INTO `log_mutual_fund` VALUES (53, 12, 'WITHDRAW', 1224, '2007-02-22 08:35:39');
INSERT INTO `log_mutual_fund` VALUES (54, 13, 'WITHDRAW', 1050, '2007-02-22 08:35:39');
INSERT INTO `log_mutual_fund` VALUES (55, 15, 'WITHDRAW', 2040, '2007-02-22 08:35:39');
INSERT INTO `log_mutual_fund` VALUES (56, 16, 'WITHDRAW', 1428, '2007-02-22 08:35:39');
INSERT INTO `log_mutual_fund` VALUES (57, 22, 'WITHDRAW', 4000, '2007-02-22 08:35:39');
INSERT INTO `log_mutual_fund` VALUES (58, 25, 'WITHDRAW', 852, '2007-02-22 08:35:39');
INSERT INTO `log_mutual_fund` VALUES (59, 28, 'WITHDRAW', 630, '2007-02-22 08:35:39');
INSERT INTO `log_mutual_fund` VALUES (60, 33, 'WITHDRAW', 630, '2007-02-22 08:35:39');
INSERT INTO `log_mutual_fund` VALUES (61, 36, 'WITHDRAW', 2101, '2007-02-22 08:35:39');
INSERT INTO `log_mutual_fund` VALUES (62, 38, 'WITHDRAW', 0, '2007-02-22 08:35:39');
INSERT INTO `log_mutual_fund` VALUES (63, 41, 'WITHDRAW', 630, '2007-02-22 08:35:39');
INSERT INTO `log_mutual_fund` VALUES (64, 43, 'WITHDRAW', 0, '2007-02-22 08:35:39');
INSERT INTO `log_mutual_fund` VALUES (65, 44, 'WITHDRAW', 2475, '2007-02-22 08:35:39');
INSERT INTO `log_mutual_fund` VALUES (66, 45, 'WITHDRAW', 2970, '2007-02-22 08:35:39');
INSERT INTO `log_mutual_fund` VALUES (67, 47, 'WITHDRAW', 1980, '2007-02-22 08:35:39');
INSERT INTO `log_mutual_fund` VALUES (68, 49, 'WITHDRAW', 630, '2007-02-22 08:35:39');
INSERT INTO `log_mutual_fund` VALUES (69, 44, 'INVEST', 50000, '2007-02-22 08:37:32');
INSERT INTO `log_mutual_fund` VALUES (70, 22, 'WITHDRAW', 96000, '2007-02-22 08:41:53');
INSERT INTO `log_mutual_fund` VALUES (71, 5, 'WITHDRAW', 2940, '2007-02-22 08:42:38');
INSERT INTO `log_mutual_fund` VALUES (72, 7, 'WITHDRAW', 0, '2007-02-22 08:42:38');
INSERT INTO `log_mutual_fund` VALUES (73, 10, 'WITHDRAW', 4632, '2007-02-22 08:42:38');
INSERT INTO `log_mutual_fund` VALUES (74, 11, 'WITHDRAW', 500, '2007-02-22 08:42:38');
INSERT INTO `log_mutual_fund` VALUES (75, 12, 'WITHDRAW', 1199, '2007-02-22 08:42:38');
INSERT INTO `log_mutual_fund` VALUES (76, 13, 'WITHDRAW', 1029, '2007-02-22 08:42:38');
INSERT INTO `log_mutual_fund` VALUES (77, 15, 'WITHDRAW', 1999, '2007-02-22 08:42:38');
INSERT INTO `log_mutual_fund` VALUES (78, 16, 'WITHDRAW', 1399, '2007-02-22 08:42:38');
INSERT INTO `log_mutual_fund` VALUES (79, 22, 'WITHDRAW', 2000, '2007-02-22 08:42:38');
INSERT INTO `log_mutual_fund` VALUES (80, 25, 'WITHDRAW', 835, '2007-02-22 08:42:38');
INSERT INTO `log_mutual_fund` VALUES (81, 28, 'WITHDRAW', 618, '2007-02-22 08:42:38');
INSERT INTO `log_mutual_fund` VALUES (82, 33, 'WITHDRAW', 618, '2007-02-22 08:42:38');
INSERT INTO `log_mutual_fund` VALUES (83, 36, 'WITHDRAW', 2059, '2007-02-22 08:42:38');
INSERT INTO `log_mutual_fund` VALUES (84, 38, 'WITHDRAW', 0, '2007-02-22 08:42:38');
INSERT INTO `log_mutual_fund` VALUES (85, 41, 'WITHDRAW', 618, '2007-02-22 08:42:38');
INSERT INTO `log_mutual_fund` VALUES (86, 43, 'WITHDRAW', 0, '2007-02-22 08:42:38');
INSERT INTO `log_mutual_fund` VALUES (87, 44, 'WITHDRAW', 3425, '2007-02-22 08:42:38');
INSERT INTO `log_mutual_fund` VALUES (88, 45, 'WITHDRAW', 2911, '2007-02-22 08:42:38');
INSERT INTO `log_mutual_fund` VALUES (89, 47, 'WITHDRAW', 1940, '2007-02-22 08:42:38');
INSERT INTO `log_mutual_fund` VALUES (90, 49, 'WITHDRAW', 618, '2007-02-22 08:42:38');
INSERT INTO `log_mutual_fund` VALUES (91, 7, 'INVEST', 500000, '2007-02-22 08:43:49');
INSERT INTO `log_mutual_fund` VALUES (92, 43, 'INVEST', 800000, '2007-02-22 08:45:41');
INSERT INTO `log_mutual_fund` VALUES (93, 43, 'INVEST', 100000, '2007-02-22 08:48:23');
INSERT INTO `log_mutual_fund` VALUES (94, 47, 'INVEST', 600000, '2007-02-22 08:50:01');
INSERT INTO `log_mutual_fund` VALUES (95, 25, 'WITHDRAW', 40000, '2007-02-22 08:52:32');
INSERT INTO `log_mutual_fund` VALUES (96, 44, 'INVEST', 50000, '2007-02-22 08:52:53');
INSERT INTO `log_mutual_fund` VALUES (97, 15, 'WITHDRAW', 50000, '2007-02-22 08:53:23');
INSERT INTO `log_mutual_fund` VALUES (98, 43, 'WITHDRAW', 400000, '2007-02-22 08:53:51');
INSERT INTO `log_mutual_fund` VALUES (99, 43, 'WITHDRAW', 300000, '2007-02-22 08:55:06');
INSERT INTO `log_mutual_fund` VALUES (100, 22, 'WITHDRAW', 98000, '2007-02-22 08:57:05');
INSERT INTO `log_mutual_fund` VALUES (101, 10, 'INVEST', 150000, '2007-02-22 09:00:26');
INSERT INTO `log_mutual_fund` VALUES (102, 5, 'INVEST', 2881, '2007-02-22 09:02:10');
INSERT INTO `log_mutual_fund` VALUES (103, 7, 'INVEST', 10000, '2007-02-22 09:02:10');
INSERT INTO `log_mutual_fund` VALUES (104, 10, 'INVEST', 7539, '2007-02-22 09:02:10');
INSERT INTO `log_mutual_fund` VALUES (105, 11, 'INVEST', 490, '2007-02-22 09:02:10');
INSERT INTO `log_mutual_fund` VALUES (106, 12, 'INVEST', 1175, '2007-02-22 09:02:10');
INSERT INTO `log_mutual_fund` VALUES (107, 13, 'INVEST', 1009, '2007-02-22 09:02:10');
INSERT INTO `log_mutual_fund` VALUES (108, 15, 'INVEST', 959, '2007-02-22 09:02:10');
INSERT INTO `log_mutual_fund` VALUES (109, 16, 'INVEST', 1371, '2007-02-22 09:02:10');
INSERT INTO `log_mutual_fund` VALUES (110, 25, 'INVEST', 18, '2007-02-22 09:02:10');
INSERT INTO `log_mutual_fund` VALUES (111, 28, 'INVEST', 605, '2007-02-22 09:02:10');
INSERT INTO `log_mutual_fund` VALUES (112, 33, 'INVEST', 605, '2007-02-22 09:02:10');
INSERT INTO `log_mutual_fund` VALUES (113, 36, 'INVEST', 2017, '2007-02-22 09:02:10');
INSERT INTO `log_mutual_fund` VALUES (114, 38, 'INVEST', 0, '2007-02-22 09:02:10');
INSERT INTO `log_mutual_fund` VALUES (115, 41, 'INVEST', 605, '2007-02-22 09:02:10');
INSERT INTO `log_mutual_fund` VALUES (116, 43, 'INVEST', 4000, '2007-02-22 09:02:10');
INSERT INTO `log_mutual_fund` VALUES (117, 44, 'INVEST', 4357, '2007-02-22 09:02:10');
INSERT INTO `log_mutual_fund` VALUES (118, 45, 'INVEST', 2852, '2007-02-22 09:02:10');
INSERT INTO `log_mutual_fund` VALUES (119, 47, 'INVEST', 13902, '2007-02-22 09:02:10');
INSERT INTO `log_mutual_fund` VALUES (120, 49, 'INVEST', 605, '2007-02-22 09:02:10');
INSERT INTO `log_mutual_fund` VALUES (121, 16, 'INVEST', 204150, '2007-02-22 09:02:50');
INSERT INTO `log_mutual_fund` VALUES (122, 12, 'INVEST', 489900, '2007-02-22 09:03:14');
INSERT INTO `log_mutual_fund` VALUES (123, 7, 'WITHDRAW', 510000, '2007-02-22 09:03:36');
INSERT INTO `log_mutual_fund` VALUES (124, 37, 'INVEST', 242600, '2007-02-22 09:04:09');
INSERT INTO `log_mutual_fund` VALUES (125, 43, 'INVEST', 1600818, '2007-02-22 09:04:37');
INSERT INTO `log_mutual_fund` VALUES (126, 13, 'INVEST', 400000, '2007-02-22 09:05:03');
INSERT INTO `log_mutual_fund` VALUES (127, 44, 'WITHDRAW', 150000, '2007-02-22 09:05:34');
INSERT INTO `log_mutual_fund` VALUES (128, 43, 'INVEST', 28600, '2007-02-22 09:07:36');
INSERT INTO `log_mutual_fund` VALUES (129, 2, 'INVEST', 23400, '2007-02-22 09:07:51');
INSERT INTO `log_mutual_fund` VALUES (130, 3, 'INVEST', 100100, '2007-02-22 09:08:07');
INSERT INTO `log_mutual_fund` VALUES (131, 1, 'INVEST', 30000, '2007-02-22 09:08:25');
INSERT INTO `log_mutual_fund` VALUES (132, 10, 'INVEST', 100000, '2007-02-22 09:09:11');
INSERT INTO `log_mutual_fund` VALUES (133, 41, 'WITHDRAW', 30866, '2007-02-22 09:09:44');
INSERT INTO `log_mutual_fund` VALUES (134, 15, 'INVEST', 21000, '2007-02-22 09:10:34');
INSERT INTO `log_mutual_fund` VALUES (135, 44, 'INVEST', 50000, '2007-02-22 09:10:51');
INSERT INTO `log_mutual_fund` VALUES (136, 45, 'INVEST', 200000, '2007-02-22 09:13:14');
INSERT INTO `log_mutual_fund` VALUES (137, 13, 'INVEST', 42900, '2007-02-22 09:13:34');
INSERT INTO `log_mutual_fund` VALUES (138, 37, 'WITHDRAW', 242600, '2007-02-22 09:15:06');
INSERT INTO `log_mutual_fund` VALUES (139, 1, 'INVEST', 900, '2007-02-22 09:16:37');
INSERT INTO `log_mutual_fund` VALUES (140, 2, 'INVEST', 702, '2007-02-22 09:16:37');
INSERT INTO `log_mutual_fund` VALUES (141, 3, 'INVEST', 3003, '2007-02-22 09:16:37');
INSERT INTO `log_mutual_fund` VALUES (142, 5, 'INVEST', 4408, '2007-02-22 09:16:37');
INSERT INTO `log_mutual_fund` VALUES (143, 7, 'INVEST', 0, '2007-02-22 09:16:37');
INSERT INTO `log_mutual_fund` VALUES (144, 10, 'INVEST', 14535, '2007-02-22 09:16:37');
INSERT INTO `log_mutual_fund` VALUES (145, 11, 'INVEST', 749, '2007-02-22 09:16:37');
INSERT INTO `log_mutual_fund` VALUES (146, 12, 'INVEST', 16495, '2007-02-22 09:16:37');
INSERT INTO `log_mutual_fund` VALUES (147, 13, 'INVEST', 14830, '2007-02-22 09:16:37');
INSERT INTO `log_mutual_fund` VALUES (148, 15, 'INVEST', 2098, '2007-02-22 09:16:37');
INSERT INTO `log_mutual_fund` VALUES (149, 16, 'INVEST', 8222, '2007-02-22 09:16:37');
INSERT INTO `log_mutual_fund` VALUES (150, 25, 'INVEST', 28, '2007-02-22 09:16:37');
INSERT INTO `log_mutual_fund` VALUES (151, 28, 'INVEST', 926, '2007-02-22 09:16:37');
INSERT INTO `log_mutual_fund` VALUES (152, 33, 'INVEST', 926, '2007-02-22 09:16:37');
INSERT INTO `log_mutual_fund` VALUES (153, 36, 'INVEST', 3087, '2007-02-22 09:16:37');
INSERT INTO `log_mutual_fund` VALUES (154, 38, 'INVEST', 0, '2007-02-22 09:16:37');
INSERT INTO `log_mutual_fund` VALUES (155, 41, 'INVEST', 0, '2007-02-22 09:16:37');
INSERT INTO `log_mutual_fund` VALUES (156, 43, 'INVEST', 55003, '2007-02-22 09:16:37');
INSERT INTO `log_mutual_fund` VALUES (157, 44, 'INVEST', 3666, '2007-02-22 09:16:37');
INSERT INTO `log_mutual_fund` VALUES (158, 45, 'INVEST', 10364, '2007-02-22 09:16:37');
INSERT INTO `log_mutual_fund` VALUES (159, 47, 'INVEST', 21269, '2007-02-22 09:16:37');
INSERT INTO `log_mutual_fund` VALUES (160, 49, 'INVEST', 926, '2007-02-22 09:16:37');

-- --------------------------------------------------------

-- 
-- Table structure for table `log_total_shares`
-- 

CREATE TABLE `log_total_shares` (
  `log_id` int(10) unsigned NOT NULL auto_increment,
  `company_id` int(10) NOT NULL,
  `share_price` int(10) unsigned default NULL,
  `total_shares` int(10) unsigned default NULL,
  `log_timestamp` timestamp NULL default CURRENT_TIMESTAMP,
  PRIMARY KEY  (`log_id`)
) ENGINE=MyISAM DEFAULT CHARSET=latin1 COLLATE=latin1_general_ci AUTO_INCREMENT=91 ;

-- 
-- Dumping data for table `log_total_shares`
-- 

INSERT INTO `log_total_shares` VALUES (1, 1, 405, 10225, '2007-02-22 08:09:10');
INSERT INTO `log_total_shares` VALUES (2, 2, 225, 6021, '2007-02-22 08:09:10');
INSERT INTO `log_total_shares` VALUES (3, 3, 442, 6044, '2007-02-22 08:09:10');
INSERT INTO `log_total_shares` VALUES (4, 4, 472, 6487, '2007-02-22 08:09:10');
INSERT INTO `log_total_shares` VALUES (5, 5, 358, 9416, '2007-02-22 08:09:10');
INSERT INTO `log_total_shares` VALUES (6, 6, 325, 6271, '2007-02-22 08:09:10');
INSERT INTO `log_total_shares` VALUES (7, 7, 650, 10498, '2007-02-22 08:09:10');
INSERT INTO `log_total_shares` VALUES (8, 8, 251, 7926, '2007-02-22 08:09:10');
INSERT INTO `log_total_shares` VALUES (9, 9, 574, 7322, '2007-02-22 08:09:10');
INSERT INTO `log_total_shares` VALUES (10, 10, 310, 10388, '2007-02-22 08:09:10');
INSERT INTO `log_total_shares` VALUES (11, 11, 512, 10381, '2007-02-22 08:09:10');
INSERT INTO `log_total_shares` VALUES (12, 12, 399, 5735, '2007-02-22 08:09:10');
INSERT INTO `log_total_shares` VALUES (13, 13, 418, 6351, '2007-02-22 08:09:10');
INSERT INTO `log_total_shares` VALUES (14, 14, 462, 5656, '2007-02-22 08:09:10');
INSERT INTO `log_total_shares` VALUES (15, 15, 581, 7513, '2007-02-22 08:09:10');
INSERT INTO `log_total_shares` VALUES (16, 1, 402, 9720, '2007-02-22 08:14:12');
INSERT INTO `log_total_shares` VALUES (17, 2, 228, 6866, '2007-02-22 08:14:12');
INSERT INTO `log_total_shares` VALUES (18, 3, 440, 5889, '2007-02-22 08:14:12');
INSERT INTO `log_total_shares` VALUES (19, 4, 477, 6967, '2007-02-22 08:14:12');
INSERT INTO `log_total_shares` VALUES (20, 5, 358, 9468, '2007-02-22 08:14:12');
INSERT INTO `log_total_shares` VALUES (21, 6, 331, 7211, '2007-02-22 08:14:12');
INSERT INTO `log_total_shares` VALUES (22, 7, 635, 8980, '2007-02-22 08:14:12');
INSERT INTO `log_total_shares` VALUES (23, 8, 251, 7997, '2007-02-22 08:14:12');
INSERT INTO `log_total_shares` VALUES (24, 9, 572, 7161, '2007-02-22 08:14:12');
INSERT INTO `log_total_shares` VALUES (25, 10, 305, 9283, '2007-02-22 08:14:12');
INSERT INTO `log_total_shares` VALUES (26, 11, 511, 10373, '2007-02-22 08:14:12');
INSERT INTO `log_total_shares` VALUES (27, 12, 401, 6025, '2007-02-22 08:14:12');
INSERT INTO `log_total_shares` VALUES (28, 13, 415, 6058, '2007-02-22 08:14:12');
INSERT INTO `log_total_shares` VALUES (29, 14, 466, 6024, '2007-02-22 08:14:12');
INSERT INTO `log_total_shares` VALUES (30, 15, 584, 7808, '2007-02-22 08:14:12');
INSERT INTO `log_total_shares` VALUES (31, 1, 381, 2206, '2007-02-22 08:35:30');
INSERT INTO `log_total_shares` VALUES (32, 2, 221, 5101, '2007-02-22 08:35:30');
INSERT INTO `log_total_shares` VALUES (33, 3, 436, 5534, '2007-02-22 08:35:30');
INSERT INTO `log_total_shares` VALUES (34, 4, 465, 5866, '2007-02-22 08:35:30');
INSERT INTO `log_total_shares` VALUES (35, 5, 355, 9337, '2007-02-22 08:35:30');
INSERT INTO `log_total_shares` VALUES (36, 6, 326, 6511, '2007-02-22 08:35:30');
INSERT INTO `log_total_shares` VALUES (37, 7, 586, 1562, '2007-02-22 08:35:30');
INSERT INTO `log_total_shares` VALUES (38, 8, 247, 7210, '2007-02-22 08:35:30');
INSERT INTO `log_total_shares` VALUES (39, 9, 555, 5830, '2007-02-22 08:35:30');
INSERT INTO `log_total_shares` VALUES (40, 10, 298, 4362, '2007-02-22 08:35:30');
INSERT INTO `log_total_shares` VALUES (41, 11, 482, 4601, '2007-02-22 08:35:30');
INSERT INTO `log_total_shares` VALUES (42, 12, 411, 7207, '2007-02-22 08:35:30');
INSERT INTO `log_total_shares` VALUES (43, 13, 412, 5348, '2007-02-22 08:35:30');
INSERT INTO `log_total_shares` VALUES (44, 14, 444, 0, '2007-02-22 08:35:30');
INSERT INTO `log_total_shares` VALUES (45, 15, 580, 7126, '2007-02-22 08:35:30');
INSERT INTO `log_total_shares` VALUES (46, 1, 371, 1907, '2007-02-22 08:42:08');
INSERT INTO `log_total_shares` VALUES (47, 2, 220, 4993, '2007-02-22 08:42:08');
INSERT INTO `log_total_shares` VALUES (48, 3, 438, 5774, '2007-02-22 08:42:08');
INSERT INTO `log_total_shares` VALUES (49, 4, 461, 5510, '2007-02-22 08:42:08');
INSERT INTO `log_total_shares` VALUES (50, 5, 352, 9125, '2007-02-22 08:42:08');
INSERT INTO `log_total_shares` VALUES (51, 6, 324, 6100, '2007-02-22 08:42:08');
INSERT INTO `log_total_shares` VALUES (52, 7, 576, 1267, '2007-02-22 08:42:08');
INSERT INTO `log_total_shares` VALUES (53, 8, 245, 7196, '2007-02-22 08:42:08');
INSERT INTO `log_total_shares` VALUES (54, 9, 550, 5526, '2007-02-22 08:42:08');
INSERT INTO `log_total_shares` VALUES (55, 10, 300, 4653, '2007-02-22 08:42:08');
INSERT INTO `log_total_shares` VALUES (56, 11, 485, 7603, '2007-02-22 08:42:08');
INSERT INTO `log_total_shares` VALUES (57, 12, 408, 6788, '2007-02-22 08:42:08');
INSERT INTO `log_total_shares` VALUES (58, 13, 410, 5337, '2007-02-22 08:42:08');
INSERT INTO `log_total_shares` VALUES (59, 14, 333, 0, '2007-02-22 08:42:08');
INSERT INTO `log_total_shares` VALUES (60, 15, 576, 6119, '2007-02-22 08:42:08');
INSERT INTO `log_total_shares` VALUES (61, 1, 403, 4844, '2007-02-22 09:02:05');
INSERT INTO `log_total_shares` VALUES (62, 2, 227, 6533, '2007-02-22 09:02:05');
INSERT INTO `log_total_shares` VALUES (63, 3, 426, 4469, '2007-02-22 09:02:05');
INSERT INTO `log_total_shares` VALUES (64, 4, 464, 5848, '2007-02-22 09:02:05');
INSERT INTO `log_total_shares` VALUES (65, 5, 347, 7921, '2007-02-22 09:02:05');
INSERT INTO `log_total_shares` VALUES (66, 6, 256, 4916, '2007-02-22 09:02:05');
INSERT INTO `log_total_shares` VALUES (67, 7, 650, 12168, '2007-02-22 09:02:05');
INSERT INTO `log_total_shares` VALUES (68, 8, 249, 9848, '2007-02-22 09:02:05');
INSERT INTO `log_total_shares` VALUES (69, 9, 556, 6033, '2007-02-22 09:02:05');
INSERT INTO `log_total_shares` VALUES (70, 10, 375, 12611, '2007-02-22 09:02:05');
INSERT INTO `log_total_shares` VALUES (71, 11, 516, 18898, '2007-02-22 09:02:05');
INSERT INTO `log_total_shares` VALUES (72, 12, 403, 6599, '2007-02-22 09:02:05');
INSERT INTO `log_total_shares` VALUES (73, 13, 422, 6547, '2007-02-22 09:02:05');
INSERT INTO `log_total_shares` VALUES (74, 14, 286, 7150, '2007-02-22 09:02:05');
INSERT INTO `log_total_shares` VALUES (75, 15, 620, 8818, '2007-02-22 09:02:05');
INSERT INTO `log_total_shares` VALUES (76, 1, 419, 5194, '2007-02-22 09:16:27');
INSERT INTO `log_total_shares` VALUES (77, 2, 199, 7087, '2007-02-22 09:16:27');
INSERT INTO `log_total_shares` VALUES (78, 3, 429, 5096, '2007-02-22 09:16:27');
INSERT INTO `log_total_shares` VALUES (79, 4, 458, 5677, '2007-02-22 09:16:27');
INSERT INTO `log_total_shares` VALUES (80, 5, 290, 8288, '2007-02-22 09:16:27');
INSERT INTO `log_total_shares` VALUES (81, 6, 261, 6057, '2007-02-22 09:16:27');
INSERT INTO `log_total_shares` VALUES (82, 7, 748, 6354, '2007-02-22 09:16:27');
INSERT INTO `log_total_shares` VALUES (83, 8, 339, 20797, '2007-02-22 09:16:27');
INSERT INTO `log_total_shares` VALUES (84, 9, 561, 6448, '2007-02-22 09:16:27');
INSERT INTO `log_total_shares` VALUES (85, 10, 376, 12911, '2007-02-22 09:16:27');
INSERT INTO `log_total_shares` VALUES (86, 11, 645, 28352, '2007-02-22 09:16:27');
INSERT INTO `log_total_shares` VALUES (87, 12, 396, 5694, '2007-02-22 09:16:27');
INSERT INTO `log_total_shares` VALUES (88, 13, 451, 6154, '2007-02-22 09:16:27');
INSERT INTO `log_total_shares` VALUES (89, 14, 357, 12460, '2007-02-22 09:16:27');
INSERT INTO `log_total_shares` VALUES (90, 15, 512, 6981, '2007-02-22 09:16:27');

-- --------------------------------------------------------

-- 
-- Table structure for table `log_transaction`
-- 

CREATE TABLE `log_transaction` (
  `log_id` int(10) unsigned NOT NULL auto_increment,
  `customer_id` int(10) unsigned default NULL,
  `company_id` int(10) NOT NULL,
  `share_price` int(10) default NULL,
  `no_of_shares` int(10) unsigned default NULL,
  `buy_sell` varchar(10) collate latin1_general_ci default NULL,
  `normal_short` varchar(20) collate latin1_general_ci default NULL,
  `log_timestamp` timestamp NULL default CURRENT_TIMESTAMP,
  PRIMARY KEY  (`log_id`)
) ENGINE=MyISAM DEFAULT CHARSET=latin1 COLLATE=latin1_general_ci AUTO_INCREMENT=780 ;

-- 
-- Dumping data for table `log_transaction`
-- 

INSERT INTO `log_transaction` VALUES (1, 38, 14, 493, 100, 'SELL', 'NORMAL', '2007-02-22 08:08:37');
INSERT INTO `log_transaction` VALUES (2, 38, 15, 593, 100, 'SELL', 'NORMAL', '2007-02-22 08:08:37');
INSERT INTO `log_transaction` VALUES (3, 24, 8, 240, 250, 'BUY', 'NORMAL', '2007-02-22 08:08:40');
INSERT INTO `log_transaction` VALUES (4, 24, 14, 493, 150, 'SELL', 'NORMAL', '2007-02-22 08:08:40');
INSERT INTO `log_transaction` VALUES (5, 3, 5, 345, 150, 'BUY', 'NORMAL', '2007-02-22 08:08:50');
INSERT INTO `log_transaction` VALUES (6, 3, 7, 638, 150, 'SELL', 'NORMAL', '2007-02-22 08:08:50');
INSERT INTO `log_transaction` VALUES (7, 12, 1, 388, 250, 'SELL', 'NORMAL', '2007-02-22 08:08:55');
INSERT INTO `log_transaction` VALUES (8, 12, 7, 638, 250, 'SELL', 'NORMAL', '2007-02-22 08:08:55');
INSERT INTO `log_transaction` VALUES (9, 25, 3, 430, 100, 'BUY', 'NORMAL', '2007-02-22 08:09:04');
INSERT INTO `log_transaction` VALUES (10, 25, 11, 503, 100, 'SELL', 'NORMAL', '2007-02-22 08:09:04');
INSERT INTO `log_transaction` VALUES (11, 31, 12, 377, 100, 'SELL', 'NORMAL', '2007-02-22 08:09:09');
INSERT INTO `log_transaction` VALUES (12, 31, 14, 493, 100, 'SELL', 'NORMAL', '2007-02-22 08:09:09');
INSERT INTO `log_transaction` VALUES (13, 46, 1, 405, 100, 'BUY', 'NORMAL', '2007-02-22 08:09:12');
INSERT INTO `log_transaction` VALUES (14, 46, 9, 574, 200, 'BUY', 'NORMAL', '2007-02-22 08:09:12');
INSERT INTO `log_transaction` VALUES (15, 17, 5, 358, 50, 'SELL', 'NORMAL', '2007-02-22 08:09:24');
INSERT INTO `log_transaction` VALUES (16, 17, 13, 418, 100, 'SELL', 'NORMAL', '2007-02-22 08:09:24');
INSERT INTO `log_transaction` VALUES (17, 21, 1, 405, 250, 'SELL', 'NORMAL', '2007-02-22 08:09:32');
INSERT INTO `log_transaction` VALUES (18, 21, 7, 650, 250, 'SELL', 'NORMAL', '2007-02-22 08:09:32');
INSERT INTO `log_transaction` VALUES (19, 40, 9, 574, 100, 'SELL', 'NORMAL', '2007-02-22 08:09:41');
INSERT INTO `log_transaction` VALUES (20, 40, 10, 310, 100, 'SELL', 'NORMAL', '2007-02-22 08:09:41');
INSERT INTO `log_transaction` VALUES (21, 14, 1, 405, 50, 'SELL', 'NORMAL', '2007-02-22 08:09:50');
INSERT INTO `log_transaction` VALUES (22, 14, 7, 650, 100, 'SELL', 'NORMAL', '2007-02-22 08:09:50');
INSERT INTO `log_transaction` VALUES (23, 41, 1, 405, 100, 'BUY', 'NORMAL', '2007-02-22 08:09:57');
INSERT INTO `log_transaction` VALUES (24, 41, 3, 442, 50, 'BUY', 'NORMAL', '2007-02-22 08:09:57');
INSERT INTO `log_transaction` VALUES (25, 8, 7, 650, 100, 'BUY', 'NORMAL', '2007-02-22 08:10:11');
INSERT INTO `log_transaction` VALUES (26, 8, 14, 462, 100, 'SELL', 'NORMAL', '2007-02-22 08:10:11');
INSERT INTO `log_transaction` VALUES (27, 31, 6, 325, 100, 'SELL', 'NORMAL', '2007-02-22 08:10:12');
INSERT INTO `log_transaction` VALUES (28, 31, 10, 310, 100, 'SELL', 'NORMAL', '2007-02-22 08:10:12');
INSERT INTO `log_transaction` VALUES (29, 19, 4, 472, 200, 'BUY', 'NORMAL', '2007-02-22 08:10:56');
INSERT INTO `log_transaction` VALUES (30, 19, 10, 310, 100, 'SELL', 'NORMAL', '2007-02-22 08:10:56');
INSERT INTO `log_transaction` VALUES (31, 42, 9, 574, 250, 'BUY', 'NORMAL', '2007-02-22 08:11:00');
INSERT INTO `log_transaction` VALUES (32, 42, 10, 310, 100, 'SELL', 'NORMAL', '2007-02-22 08:11:00');
INSERT INTO `log_transaction` VALUES (33, 33, 7, 650, 150, 'SELL', 'NORMAL', '2007-02-22 08:11:38');
INSERT INTO `log_transaction` VALUES (34, 33, 11, 512, 50, 'SELL', 'NORMAL', '2007-02-22 08:11:38');
INSERT INTO `log_transaction` VALUES (35, 48, 4, 472, 200, 'BUY', 'NORMAL', '2007-02-22 08:11:42');
INSERT INTO `log_transaction` VALUES (36, 48, 6, 325, 250, 'BUY', 'NORMAL', '2007-02-22 08:11:42');
INSERT INTO `log_transaction` VALUES (37, 27, 1, 405, 250, 'SELL', 'NORMAL', '2007-02-22 08:11:46');
INSERT INTO `log_transaction` VALUES (38, 27, 5, 358, 250, 'SELL', 'NORMAL', '2007-02-22 08:11:46');
INSERT INTO `log_transaction` VALUES (39, 5, 1, 405, 250, 'SELL', 'NORMAL', '2007-02-22 08:11:47');
INSERT INTO `log_transaction` VALUES (40, 5, 10, 310, 250, 'SELL', 'NORMAL', '2007-02-22 08:11:47');
INSERT INTO `log_transaction` VALUES (41, 18, 1, 405, 50, 'SELL', 'NORMAL', '2007-02-22 08:11:50');
INSERT INTO `log_transaction` VALUES (42, 18, 5, 358, 200, 'SELL', 'NORMAL', '2007-02-22 08:11:50');
INSERT INTO `log_transaction` VALUES (43, 44, 1, 405, 50, 'SELL', 'NORMAL', '2007-02-22 08:12:07');
INSERT INTO `log_transaction` VALUES (44, 44, 11, 512, 100, 'BUY', 'NORMAL', '2007-02-22 08:12:07');
INSERT INTO `log_transaction` VALUES (45, 13, 4, 472, 250, 'BUY', 'NORMAL', '2007-02-22 08:12:11');
INSERT INTO `log_transaction` VALUES (46, 13, 7, 650, 250, 'SELL', 'NORMAL', '2007-02-22 08:12:11');
INSERT INTO `log_transaction` VALUES (47, 2, 7, 650, 250, 'SELL', 'NORMAL', '2007-02-22 08:12:18');
INSERT INTO `log_transaction` VALUES (48, 2, 15, 581, 250, 'BUY', 'NORMAL', '2007-02-22 08:12:18');
INSERT INTO `log_transaction` VALUES (49, 45, 4, 472, 100, 'BUY', 'NORMAL', '2007-02-22 08:12:35');
INSERT INTO `log_transaction` VALUES (50, 11, 5, 358, 250, 'BUY', 'NORMAL', '2007-02-22 08:12:38');
INSERT INTO `log_transaction` VALUES (51, 11, 11, 512, 100, 'SELL', 'NORMAL', '2007-02-22 08:12:38');
INSERT INTO `log_transaction` VALUES (52, 28, 7, 650, 200, 'SELL', 'NORMAL', '2007-02-22 08:12:38');
INSERT INTO `log_transaction` VALUES (53, 28, 9, 574, 350, 'SELL', 'NORMAL', '2007-02-22 08:12:38');
INSERT INTO `log_transaction` VALUES (54, 36, 2, 225, 500, 'BUY', 'NORMAL', '2007-02-22 08:12:40');
INSERT INTO `log_transaction` VALUES (55, 7, 3, 442, 250, 'SELL', 'NORMAL', '2007-02-22 08:12:43');
INSERT INTO `log_transaction` VALUES (56, 7, 10, 310, 250, 'SELL', 'NORMAL', '2007-02-22 08:12:43');
INSERT INTO `log_transaction` VALUES (57, 20, 6, 325, 500, 'BUY', 'NORMAL', '2007-02-22 08:12:54');
INSERT INTO `log_transaction` VALUES (58, 42, 1, 405, 150, 'BUY', 'NORMAL', '2007-02-22 08:12:58');
INSERT INTO `log_transaction` VALUES (59, 42, 13, 418, 100, 'SELL', 'NORMAL', '2007-02-22 08:12:58');
INSERT INTO `log_transaction` VALUES (60, 23, 4, 472, 200, 'SELL', 'NORMAL', '2007-02-22 08:13:03');
INSERT INTO `log_transaction` VALUES (61, 23, 7, 650, 350, 'SELL', 'NORMAL', '2007-02-22 08:13:03');
INSERT INTO `log_transaction` VALUES (62, 6, 5, 358, 250, 'BUY', 'NORMAL', '2007-02-22 08:13:09');
INSERT INTO `log_transaction` VALUES (63, 6, 13, 418, 150, 'SELL', 'NORMAL', '2007-02-22 08:13:09');
INSERT INTO `log_transaction` VALUES (64, 16, 2, 225, 250, 'BUY', 'NORMAL', '2007-02-22 08:13:15');
INSERT INTO `log_transaction` VALUES (65, 16, 4, 472, 100, 'SELL', 'NORMAL', '2007-02-22 08:13:15');
INSERT INTO `log_transaction` VALUES (66, 47, 12, 399, 250, 'BUY', 'NORMAL', '2007-02-22 08:13:23');
INSERT INTO `log_transaction` VALUES (67, 47, 14, 462, 100, 'BUY', 'NORMAL', '2007-02-22 08:13:23');
INSERT INTO `log_transaction` VALUES (68, 35, 10, 310, 250, 'SELL', 'NORMAL', '2007-02-22 08:13:43');
INSERT INTO `log_transaction` VALUES (69, 4, 7, 650, 100, 'SELL', 'NORMAL', '2007-02-22 08:13:46');
INSERT INTO `log_transaction` VALUES (70, 4, 14, 462, 150, 'BUY', 'NORMAL', '2007-02-22 08:13:46');
INSERT INTO `log_transaction` VALUES (71, 41, 9, 574, 200, 'SELL', 'NORMAL', '2007-02-22 08:13:49');
INSERT INTO `log_transaction` VALUES (72, 12, 6, 325, 250, 'BUY', 'NORMAL', '2007-02-22 08:13:50');
INSERT INTO `log_transaction` VALUES (73, 12, 14, 462, 150, 'BUY', 'NORMAL', '2007-02-22 08:13:50');
INSERT INTO `log_transaction` VALUES (74, 14, 6, 331, 100, 'BUY', 'NORMAL', '2007-02-22 08:14:13');
INSERT INTO `log_transaction` VALUES (75, 14, 7, 635, 100, 'SELL', 'NORMAL', '2007-02-22 08:14:13');
INSERT INTO `log_transaction` VALUES (76, 9, 6, 331, 500, 'BUY', 'NORMAL', '2007-02-22 08:14:15');
INSERT INTO `log_transaction` VALUES (77, 46, 7, 635, 50, 'BUY', 'NORMAL', '2007-02-22 08:14:18');
INSERT INTO `log_transaction` VALUES (78, 46, 9, 572, 100, 'BUY', 'NORMAL', '2007-02-22 08:14:18');
INSERT INTO `log_transaction` VALUES (79, 29, 7, 635, 250, 'BUY', 'NORMAL', '2007-02-22 08:14:20');
INSERT INTO `log_transaction` VALUES (80, 29, 10, 305, 250, 'SELL', 'NORMAL', '2007-02-22 08:14:20');
INSERT INTO `log_transaction` VALUES (81, 17, 5, 358, 100, 'BUY', 'NORMAL', '2007-02-22 08:14:34');
INSERT INTO `log_transaction` VALUES (82, 17, 9, 572, 100, 'BUY', 'NORMAL', '2007-02-22 08:14:34');
INSERT INTO `log_transaction` VALUES (83, 37, 5, 358, 250, 'SELL', 'NORMAL', '2007-02-22 08:14:38');
INSERT INTO `log_transaction` VALUES (84, 43, 1, 402, 350, 'SELL', 'NORMAL', '2007-02-22 08:14:49');
INSERT INTO `log_transaction` VALUES (85, 43, 10, 305, 600, 'SELL', 'NORMAL', '2007-02-22 08:14:49');
INSERT INTO `log_transaction` VALUES (86, 30, 8, 251, 100, 'BUY', 'NORMAL', '2007-02-22 08:14:52');
INSERT INTO `log_transaction` VALUES (87, 30, 10, 305, 50, 'SELL', 'NORMAL', '2007-02-22 08:14:52');
INSERT INTO `log_transaction` VALUES (88, 15, 11, 511, 250, 'BUY', 'NORMAL', '2007-02-22 08:14:58');
INSERT INTO `log_transaction` VALUES (89, 10, 5, 358, 250, 'BUY', 'NORMAL', '2007-02-22 08:15:05');
INSERT INTO `log_transaction` VALUES (90, 10, 10, 305, 100, 'SELL', 'NORMAL', '2007-02-22 08:15:05');
INSERT INTO `log_transaction` VALUES (91, 11, 6, 331, 250, 'BUY', 'NORMAL', '2007-02-22 08:15:17');
INSERT INTO `log_transaction` VALUES (92, 11, 8, 251, 250, 'SELL', 'NORMAL', '2007-02-22 08:15:17');
INSERT INTO `log_transaction` VALUES (93, 48, 6, 331, 200, 'BUY', 'NORMAL', '2007-02-22 08:15:21');
INSERT INTO `log_transaction` VALUES (94, 48, 9, 572, 250, 'BUY', 'NORMAL', '2007-02-22 08:15:21');
INSERT INTO `log_transaction` VALUES (95, 22, 10, 305, 250, 'SELL', 'NORMAL', '2007-02-22 08:15:27');
INSERT INTO `log_transaction` VALUES (96, 22, 11, 511, 100, 'SELL', 'NORMAL', '2007-02-22 08:15:27');
INSERT INTO `log_transaction` VALUES (97, 42, 10, 305, 300, 'BUY', 'SHORT', '2007-02-22 08:19:09');
INSERT INTO `log_transaction` VALUES (98, 21, 1, 402, 300, 'BUY', 'SHORT', '2007-02-22 08:19:15');
INSERT INTO `log_transaction` VALUES (99, 21, 10, 305, 300, 'BUY', 'SHORT', '2007-02-22 08:19:15');
INSERT INTO `log_transaction` VALUES (100, 31, 7, 635, 600, 'BUY', 'SHORT', '2007-02-22 08:19:19');
INSERT INTO `log_transaction` VALUES (101, 42, 12, 401, 200, 'BUY', 'NORMAL', '2007-02-22 08:19:21');
INSERT INTO `log_transaction` VALUES (102, 18, 7, 635, 100, 'SELL', 'NORMAL', '2007-02-22 08:19:38');
INSERT INTO `log_transaction` VALUES (103, 27, 10, 305, 600, 'BUY', 'SHORT', '2007-02-22 08:19:42');
INSERT INTO `log_transaction` VALUES (104, 34, 7, 635, 600, 'BUY', 'SHORT', '2007-02-22 08:19:46');
INSERT INTO `log_transaction` VALUES (105, 47, 10, 305, 300, 'BUY', 'SHORT', '2007-02-22 08:19:52');
INSERT INTO `log_transaction` VALUES (106, 1, 9, 572, 300, 'BUY', 'SHORT', '2007-02-22 08:19:56');
INSERT INTO `log_transaction` VALUES (107, 1, 13, 415, 300, 'BUY', 'SHORT', '2007-02-22 08:19:56');
INSERT INTO `log_transaction` VALUES (108, 47, 13, 415, 250, 'BUY', 'NORMAL', '2007-02-22 08:20:04');
INSERT INTO `log_transaction` VALUES (109, 20, 10, 305, 600, 'BUY', 'SHORT', '2007-02-22 08:20:07');
INSERT INTO `log_transaction` VALUES (110, 32, 7, 635, 100, 'SELL', 'NORMAL', '2007-02-22 08:20:22');
INSERT INTO `log_transaction` VALUES (111, 32, 12, 401, 100, 'SELL', 'NORMAL', '2007-02-22 08:20:22');
INSERT INTO `log_transaction` VALUES (112, 43, 10, 305, 500, 'BUY', 'SHORT', '2007-02-22 08:20:23');
INSERT INTO `log_transaction` VALUES (113, 25, 1, 402, 300, 'SELL', 'NORMAL', '2007-02-22 08:20:30');
INSERT INTO `log_transaction` VALUES (114, 25, 7, 635, 100, 'BUY', 'NORMAL', '2007-02-22 08:20:30');
INSERT INTO `log_transaction` VALUES (115, 3, 10, 305, 300, 'BUY', 'SHORT', '2007-02-22 08:20:36');
INSERT INTO `log_transaction` VALUES (116, 13, 6, 331, 100, 'BUY', 'SHORT', '2007-02-22 08:20:43');
INSERT INTO `log_transaction` VALUES (117, 13, 11, 511, 300, 'BUY', 'SHORT', '2007-02-22 08:20:43');
INSERT INTO `log_transaction` VALUES (118, 43, 14, 466, 5100, 'BUY', 'SHORT', '2007-02-22 08:20:56');
INSERT INTO `log_transaction` VALUES (119, 38, 6, 331, 100, 'SELL', 'NORMAL', '2007-02-22 08:21:07');
INSERT INTO `log_transaction` VALUES (120, 38, 10, 305, 300, 'SELL', 'NORMAL', '2007-02-22 08:21:07');
INSERT INTO `log_transaction` VALUES (121, 3, 15, 584, 300, 'BUY', 'SHORT', '2007-02-22 08:21:07');
INSERT INTO `log_transaction` VALUES (122, 14, 1, 402, 200, 'SELL', 'NORMAL', '2007-02-22 08:21:17');
INSERT INTO `log_transaction` VALUES (123, 14, 10, 305, 200, 'SELL', 'NORMAL', '2007-02-22 08:21:17');
INSERT INTO `log_transaction` VALUES (124, 26, 7, 635, 300, 'SELL', 'NORMAL', '2007-02-22 08:21:19');
INSERT INTO `log_transaction` VALUES (125, 26, 12, 401, 100, 'SELL', 'NORMAL', '2007-02-22 08:21:19');
INSERT INTO `log_transaction` VALUES (126, 43, 14, 466, 4600, 'SELL', 'SHORT', '2007-02-22 08:21:28');
INSERT INTO `log_transaction` VALUES (127, 8, 10, 305, 600, 'BUY', 'SHORT', '2007-02-22 08:21:30');
INSERT INTO `log_transaction` VALUES (128, 33, 1, 402, 250, 'SELL', 'NORMAL', '2007-02-22 08:21:39');
INSERT INTO `log_transaction` VALUES (129, 33, 9, 572, 250, 'SELL', 'NORMAL', '2007-02-22 08:21:39');
INSERT INTO `log_transaction` VALUES (130, 28, 3, 440, 150, 'SELL', 'NORMAL', '2007-02-22 08:21:48');
INSERT INTO `log_transaction` VALUES (131, 28, 10, 305, 100, 'SELL', 'NORMAL', '2007-02-22 08:21:48');
INSERT INTO `log_transaction` VALUES (132, 45, 1, 402, 150, 'BUY', 'NORMAL', '2007-02-22 08:21:53');
INSERT INTO `log_transaction` VALUES (133, 45, 15, 584, 50, 'SELL', 'NORMAL', '2007-02-22 08:21:53');
INSERT INTO `log_transaction` VALUES (134, 15, 1, 402, 250, 'BUY', 'SHORT', '2007-02-22 08:22:05');
INSERT INTO `log_transaction` VALUES (135, 15, 2, 228, 250, 'BUY', 'SHORT', '2007-02-22 08:22:05');
INSERT INTO `log_transaction` VALUES (136, 36, 1, 402, 300, 'BUY', 'SHORT', '2007-02-22 08:22:07');
INSERT INTO `log_transaction` VALUES (137, 36, 14, 466, 300, 'BUY', 'SHORT', '2007-02-22 08:22:07');
INSERT INTO `log_transaction` VALUES (138, 44, 1, 402, 50, 'BUY', 'NORMAL', '2007-02-22 08:22:19');
INSERT INTO `log_transaction` VALUES (139, 44, 2, 228, 100, 'BUY', 'NORMAL', '2007-02-22 08:22:19');
INSERT INTO `log_transaction` VALUES (140, 2, 7, 635, 250, 'BUY', 'NORMAL', '2007-02-22 08:22:28');
INSERT INTO `log_transaction` VALUES (141, 2, 15, 584, 300, 'SELL', 'NORMAL', '2007-02-22 08:22:28');
INSERT INTO `log_transaction` VALUES (142, 29, 8, 251, 250, 'SELL', 'NORMAL', '2007-02-22 08:22:44');
INSERT INTO `log_transaction` VALUES (143, 29, 10, 305, 150, 'BUY', 'NORMAL', '2007-02-22 08:22:44');
INSERT INTO `log_transaction` VALUES (144, 7, 2, 228, 300, 'BUY', 'SHORT', '2007-02-22 08:22:53');
INSERT INTO `log_transaction` VALUES (145, 7, 6, 331, 300, 'BUY', 'SHORT', '2007-02-22 08:22:53');
INSERT INTO `log_transaction` VALUES (146, 48, 7, 635, 50, 'SELL', 'NORMAL', '2007-02-22 08:22:54');
INSERT INTO `log_transaction` VALUES (147, 48, 12, 401, 100, 'BUY', 'NORMAL', '2007-02-22 08:22:54');
INSERT INTO `log_transaction` VALUES (148, 35, 10, 305, 600, 'BUY', 'SHORT', '2007-02-22 08:23:02');
INSERT INTO `log_transaction` VALUES (149, 16, 10, 305, 100, 'SELL', 'NORMAL', '2007-02-22 08:23:09');
INSERT INTO `log_transaction` VALUES (150, 30, 8, 251, 100, 'SELL', 'NORMAL', '2007-02-22 08:23:11');
INSERT INTO `log_transaction` VALUES (151, 30, 10, 305, 200, 'BUY', 'NORMAL', '2007-02-22 08:23:11');
INSERT INTO `log_transaction` VALUES (152, 41, 1, 402, 150, 'SELL', 'NORMAL', '2007-02-22 08:23:16');
INSERT INTO `log_transaction` VALUES (153, 6, 10, 305, 600, 'BUY', 'SHORT', '2007-02-22 08:23:17');
INSERT INTO `log_transaction` VALUES (154, 41, 13, 415, 50, 'SELL', 'NORMAL', '2007-02-22 08:23:26');
INSERT INTO `log_transaction` VALUES (155, 22, 10, 305, 300, 'BUY', 'SHORT', '2007-02-22 08:23:36');
INSERT INTO `log_transaction` VALUES (156, 37, 10, 305, 600, 'BUY', 'SHORT', '2007-02-22 08:23:37');
INSERT INTO `log_transaction` VALUES (157, 11, 10, 305, 600, 'BUY', 'SHORT', '2007-02-22 08:23:39');
INSERT INTO `log_transaction` VALUES (158, 4, 8, 251, 200, 'BUY', 'NORMAL', '2007-02-22 08:23:46');
INSERT INTO `log_transaction` VALUES (159, 4, 13, 415, 100, 'BUY', 'NORMAL', '2007-02-22 08:23:46');
INSERT INTO `log_transaction` VALUES (160, 21, 4, 477, 300, 'BUY', 'SHORT', '2007-02-22 08:23:58');
INSERT INTO `log_transaction` VALUES (161, 21, 14, 466, 300, 'BUY', 'SHORT', '2007-02-22 08:23:58');
INSERT INTO `log_transaction` VALUES (162, 42, 3, 440, 200, 'BUY', 'NORMAL', '2007-02-22 08:23:59');
INSERT INTO `log_transaction` VALUES (163, 42, 8, 251, 100, 'SELL', 'NORMAL', '2007-02-22 08:23:59');
INSERT INTO `log_transaction` VALUES (164, 19, 10, 305, 600, 'BUY', 'SHORT', '2007-02-22 08:24:01');
INSERT INTO `log_transaction` VALUES (165, 31, 11, 511, 200, 'BUY', 'NORMAL', '2007-02-22 08:24:05');
INSERT INTO `log_transaction` VALUES (166, 47, 3, 440, 100, 'SELL', 'NORMAL', '2007-02-22 08:24:16');
INSERT INTO `log_transaction` VALUES (167, 9, 7, 635, 250, 'BUY', 'NORMAL', '2007-02-22 08:24:21');
INSERT INTO `log_transaction` VALUES (168, 9, 14, 466, 100, 'SELL', 'NORMAL', '2007-02-22 08:24:21');
INSERT INTO `log_transaction` VALUES (169, 17, 7, 635, 150, 'SELL', 'NORMAL', '2007-02-22 08:24:26');
INSERT INTO `log_transaction` VALUES (170, 17, 9, 572, 200, 'SELL', 'NORMAL', '2007-02-22 08:24:26');
INSERT INTO `log_transaction` VALUES (171, 27, 4, 477, 600, 'BUY', 'SHORT', '2007-02-22 08:24:27');
INSERT INTO `log_transaction` VALUES (172, 47, 14, 466, 100, 'BUY', 'SHORT', '2007-02-22 08:24:27');
INSERT INTO `log_transaction` VALUES (173, 34, 11, 511, 600, 'BUY', 'NORMAL', '2007-02-22 08:24:28');
INSERT INTO `log_transaction` VALUES (174, 5, 7, 635, 600, 'BUY', 'SHORT', '2007-02-22 08:24:49');
INSERT INTO `log_transaction` VALUES (175, 25, 9, 572, 250, 'BUY', 'SHORT', '2007-02-22 08:25:00');
INSERT INTO `log_transaction` VALUES (176, 25, 13, 415, 300, 'BUY', 'SHORT', '2007-02-22 08:25:00');
INSERT INTO `log_transaction` VALUES (177, 32, 3, 440, 100, 'SELL', 'NORMAL', '2007-02-22 08:25:09');
INSERT INTO `log_transaction` VALUES (178, 32, 8, 251, 100, 'SELL', 'NORMAL', '2007-02-22 08:25:09');
INSERT INTO `log_transaction` VALUES (179, 12, 5, 358, 250, 'SELL', 'NORMAL', '2007-02-22 08:25:13');
INSERT INTO `log_transaction` VALUES (180, 12, 15, 584, 100, 'SELL', 'NORMAL', '2007-02-22 08:25:13');
INSERT INTO `log_transaction` VALUES (181, 10, 9, 572, 100, 'BUY', 'SHORT', '2007-02-22 08:25:21');
INSERT INTO `log_transaction` VALUES (182, 28, 9, 572, 300, 'BUY', 'SHORT', '2007-02-22 08:25:24');
INSERT INTO `log_transaction` VALUES (183, 28, 13, 415, 300, 'BUY', 'SHORT', '2007-02-22 08:25:24');
INSERT INTO `log_transaction` VALUES (184, 38, 2, 228, 100, 'SELL', 'NORMAL', '2007-02-22 08:25:40');
INSERT INTO `log_transaction` VALUES (185, 38, 10, 305, 300, 'SELL', 'NORMAL', '2007-02-22 08:25:40');
INSERT INTO `log_transaction` VALUES (186, 18, 10, 305, 100, 'SELL', 'NORMAL', '2007-02-22 08:25:40');
INSERT INTO `log_transaction` VALUES (187, 26, 7, 635, 300, 'BUY', 'SHORT', '2007-02-22 08:25:49');
INSERT INTO `log_transaction` VALUES (188, 26, 14, 466, 300, 'BUY', 'SHORT', '2007-02-22 08:25:49');
INSERT INTO `log_transaction` VALUES (189, 20, 11, 511, 600, 'BUY', 'SHORT', '2007-02-22 08:26:02');
INSERT INTO `log_transaction` VALUES (190, 3, 10, 305, 300, 'BUY', 'SHORT', '2007-02-22 08:26:02');
INSERT INTO `log_transaction` VALUES (191, 3, 11, 511, 300, 'BUY', 'SHORT', '2007-02-22 08:26:02');
INSERT INTO `log_transaction` VALUES (192, 30, 5, 358, 100, 'BUY', 'NORMAL', '2007-02-22 08:26:09');
INSERT INTO `log_transaction` VALUES (193, 33, 9, 572, 300, 'BUY', 'SHORT', '2007-02-22 08:26:12');
INSERT INTO `log_transaction` VALUES (194, 33, 13, 415, 300, 'BUY', 'SHORT', '2007-02-22 08:26:12');
INSERT INTO `log_transaction` VALUES (195, 43, 2, 228, 100, 'SELL', 'NORMAL', '2007-02-22 08:26:14');
INSERT INTO `log_transaction` VALUES (196, 43, 3, 440, 100, 'SELL', 'NORMAL', '2007-02-22 08:26:14');
INSERT INTO `log_transaction` VALUES (197, 43, 4, 477, 100, 'SELL', 'NORMAL', '2007-02-22 08:26:14');
INSERT INTO `log_transaction` VALUES (198, 43, 5, 358, 100, 'SELL', 'NORMAL', '2007-02-22 08:26:14');
INSERT INTO `log_transaction` VALUES (199, 43, 6, 331, 100, 'SELL', 'NORMAL', '2007-02-22 08:26:14');
INSERT INTO `log_transaction` VALUES (200, 43, 7, 635, 100, 'SELL', 'NORMAL', '2007-02-22 08:26:14');
INSERT INTO `log_transaction` VALUES (201, 43, 8, 251, 100, 'SELL', 'NORMAL', '2007-02-22 08:26:14');
INSERT INTO `log_transaction` VALUES (202, 43, 9, 572, 100, 'SELL', 'NORMAL', '2007-02-22 08:26:14');
INSERT INTO `log_transaction` VALUES (203, 43, 11, 511, 100, 'SELL', 'NORMAL', '2007-02-22 08:26:14');
INSERT INTO `log_transaction` VALUES (204, 43, 12, 401, 100, 'SELL', 'NORMAL', '2007-02-22 08:26:14');
INSERT INTO `log_transaction` VALUES (205, 43, 13, 415, 100, 'SELL', 'NORMAL', '2007-02-22 08:26:14');
INSERT INTO `log_transaction` VALUES (206, 43, 15, 584, 100, 'SELL', 'NORMAL', '2007-02-22 08:26:14');
INSERT INTO `log_transaction` VALUES (207, 22, 12, 401, 600, 'BUY', 'NORMAL', '2007-02-22 08:26:29');
INSERT INTO `log_transaction` VALUES (208, 8, 11, 511, 100, 'SELL', 'NORMAL', '2007-02-22 08:26:33');
INSERT INTO `log_transaction` VALUES (209, 8, 12, 401, 200, 'BUY', 'NORMAL', '2007-02-22 08:26:33');
INSERT INTO `log_transaction` VALUES (210, 36, 7, 635, 300, 'BUY', 'SHORT', '2007-02-22 08:26:43');
INSERT INTO `log_transaction` VALUES (211, 36, 11, 511, 300, 'BUY', 'SHORT', '2007-02-22 08:26:43');
INSERT INTO `log_transaction` VALUES (212, 45, 7, 635, 100, 'SELL', 'NORMAL', '2007-02-22 08:26:49');
INSERT INTO `log_transaction` VALUES (213, 45, 12, 401, 100, 'SELL', 'NORMAL', '2007-02-22 08:26:49');
INSERT INTO `log_transaction` VALUES (214, 31, 11, 511, 600, 'BUY', 'NORMAL', '2007-02-22 08:27:04');
INSERT INTO `log_transaction` VALUES (215, 2, 7, 635, 300, 'BUY', 'NORMAL', '2007-02-22 08:27:27');
INSERT INTO `log_transaction` VALUES (216, 2, 15, 584, 250, 'SELL', 'NORMAL', '2007-02-22 08:27:27');
INSERT INTO `log_transaction` VALUES (217, 13, 5, 358, 100, 'BUY', 'NORMAL', '2007-02-22 08:27:27');
INSERT INTO `log_transaction` VALUES (218, 13, 11, 511, 300, 'BUY', 'NORMAL', '2007-02-22 08:27:27');
INSERT INTO `log_transaction` VALUES (219, 13, 5, 358, 100, 'BUY', 'NORMAL', '2007-02-22 08:27:27');
INSERT INTO `log_transaction` VALUES (220, 13, 11, 511, 300, 'BUY', 'NORMAL', '2007-02-22 08:27:27');
INSERT INTO `log_transaction` VALUES (221, 44, 4, 477, 50, 'BUY', 'NORMAL', '2007-02-22 08:27:29');
INSERT INTO `log_transaction` VALUES (222, 44, 12, 401, 50, 'SELL', 'NORMAL', '2007-02-22 08:27:29');
INSERT INTO `log_transaction` VALUES (223, 14, 6, 331, 100, 'SELL', 'NORMAL', '2007-02-22 08:27:53');
INSERT INTO `log_transaction` VALUES (224, 6, 11, 511, 600, 'BUY', 'SHORT', '2007-02-22 08:27:55');
INSERT INTO `log_transaction` VALUES (225, 48, 2, 228, 100, 'BUY', 'NORMAL', '2007-02-22 08:27:57');
INSERT INTO `log_transaction` VALUES (226, 34, 7, 635, 600, 'BUY', 'SHORT', '2007-02-22 08:27:59');
INSERT INTO `log_transaction` VALUES (227, 14, 7, 635, 50, 'SELL', 'NORMAL', '2007-02-22 08:28:12');
INSERT INTO `log_transaction` VALUES (228, 29, 7, 635, 250, 'SELL', 'NORMAL', '2007-02-22 08:28:20');
INSERT INTO `log_transaction` VALUES (229, 29, 10, 305, 250, 'BUY', 'NORMAL', '2007-02-22 08:28:20');
INSERT INTO `log_transaction` VALUES (230, 35, 11, 511, 600, 'BUY', 'SHORT', '2007-02-22 08:28:23');
INSERT INTO `log_transaction` VALUES (231, 41, 7, 635, 350, 'SELL', 'NORMAL', '2007-02-22 08:28:26');
INSERT INTO `log_transaction` VALUES (232, 41, 9, 572, 150, 'SELL', 'NORMAL', '2007-02-22 08:28:26');
INSERT INTO `log_transaction` VALUES (233, 4, 11, 511, 100, 'SELL', 'NORMAL', '2007-02-22 08:28:32');
INSERT INTO `log_transaction` VALUES (234, 4, 12, 401, 150, 'BUY', 'NORMAL', '2007-02-22 08:28:32');
INSERT INTO `log_transaction` VALUES (235, 21, 6, 331, 300, 'BUY', 'SHORT', '2007-02-22 08:28:39');
INSERT INTO `log_transaction` VALUES (236, 21, 11, 511, 300, 'BUY', 'SHORT', '2007-02-22 08:28:39');
INSERT INTO `log_transaction` VALUES (237, 27, 11, 511, 600, 'BUY', 'SHORT', '2007-02-22 08:28:55');
INSERT INTO `log_transaction` VALUES (238, 37, 4, 477, 300, 'BUY', 'SHORT', '2007-02-22 08:28:57');
INSERT INTO `log_transaction` VALUES (239, 37, 11, 511, 300, 'BUY', 'SHORT', '2007-02-22 08:28:57');
INSERT INTO `log_transaction` VALUES (240, 42, 6, 331, 100, 'SELL', 'NORMAL', '2007-02-22 08:29:04');
INSERT INTO `log_transaction` VALUES (241, 42, 12, 401, 100, 'BUY', 'NORMAL', '2007-02-22 08:29:04');
INSERT INTO `log_transaction` VALUES (242, 16, 2, 228, 300, 'SELL', 'NORMAL', '2007-02-22 08:29:06');
INSERT INTO `log_transaction` VALUES (243, 16, 6, 331, 300, 'SELL', 'NORMAL', '2007-02-22 08:29:06');
INSERT INTO `log_transaction` VALUES (244, 16, 10, 305, 300, 'BUY', 'NORMAL', '2007-02-22 08:29:06');
INSERT INTO `log_transaction` VALUES (245, 16, 12, 401, 300, 'BUY', 'NORMAL', '2007-02-22 08:29:06');
INSERT INTO `log_transaction` VALUES (246, 34, 11, 511, 600, 'BUY', 'NORMAL', '2007-02-22 08:29:18');
INSERT INTO `log_transaction` VALUES (247, 25, 11, 511, 600, 'BUY', 'SHORT', '2007-02-22 08:29:21');
INSERT INTO `log_transaction` VALUES (248, 47, 7, 635, 250, 'BUY', 'NORMAL', '2007-02-22 08:29:28');
INSERT INTO `log_transaction` VALUES (249, 47, 13, 415, 250, 'SELL', 'NORMAL', '2007-02-22 08:29:28');
INSERT INTO `log_transaction` VALUES (250, 9, 11, 511, 100, 'SELL', 'NORMAL', '2007-02-22 08:29:31');
INSERT INTO `log_transaction` VALUES (251, 9, 13, 415, 100, 'SELL', 'NORMAL', '2007-02-22 08:29:31');
INSERT INTO `log_transaction` VALUES (252, 15, 7, 635, 200, 'BUY', 'SHORT', '2007-02-22 08:29:31');
INSERT INTO `log_transaction` VALUES (253, 15, 11, 511, 600, 'BUY', 'SHORT', '2007-02-22 08:29:31');
INSERT INTO `log_transaction` VALUES (254, 45, 13, 415, 150, 'BUY', 'NORMAL', '2007-02-22 08:29:44');
INSERT INTO `log_transaction` VALUES (255, 28, 11, 511, 600, 'BUY', 'SHORT', '2007-02-22 08:29:48');
INSERT INTO `log_transaction` VALUES (256, 32, 7, 635, 300, 'BUY', 'SHORT', '2007-02-22 08:29:48');
INSERT INTO `log_transaction` VALUES (257, 32, 14, 466, 300, 'BUY', 'SHORT', '2007-02-22 08:29:48');
INSERT INTO `log_transaction` VALUES (258, 45, 9, 572, 100, 'BUY', 'NORMAL', '2007-02-22 08:29:52');
INSERT INTO `log_transaction` VALUES (259, 7, 11, 511, 600, 'BUY', 'SHORT', '2007-02-22 08:30:02');
INSERT INTO `log_transaction` VALUES (260, 26, 7, 635, 600, 'BUY', 'SHORT', '2007-02-22 08:30:11');
INSERT INTO `log_transaction` VALUES (261, 19, 11, 511, 430, 'SELL', 'NORMAL', '2007-02-22 08:30:13');
INSERT INTO `log_transaction` VALUES (262, 38, 1, 402, 300, 'SELL', 'NORMAL', '2007-02-22 08:30:13');
INSERT INTO `log_transaction` VALUES (263, 38, 11, 511, 100, 'SELL', 'NORMAL', '2007-02-22 08:30:13');
INSERT INTO `log_transaction` VALUES (264, 44, 7, 635, 50, 'SELL', 'NORMAL', '2007-02-22 08:30:16');
INSERT INTO `log_transaction` VALUES (265, 44, 11, 511, 100, 'BUY', 'NORMAL', '2007-02-22 08:30:16');
INSERT INTO `log_transaction` VALUES (266, 11, 1, 402, 600, 'BUY', 'SHORT', '2007-02-22 08:30:29');
INSERT INTO `log_transaction` VALUES (267, 1, 11, 511, 600, 'BUY', 'SHORT', '2007-02-22 08:30:31');
INSERT INTO `log_transaction` VALUES (268, 1, 10, 305, 50, 'BUY', 'NORMAL', '2007-02-22 08:30:34');
INSERT INTO `log_transaction` VALUES (269, 2, 10, 305, 50, 'BUY', 'NORMAL', '2007-02-22 08:30:34');
INSERT INTO `log_transaction` VALUES (270, 3, 10, 305, 50, 'BUY', 'NORMAL', '2007-02-22 08:30:34');
INSERT INTO `log_transaction` VALUES (271, 5, 10, 305, 50, 'BUY', 'NORMAL', '2007-02-22 08:30:34');
INSERT INTO `log_transaction` VALUES (272, 6, 10, 305, 50, 'BUY', 'NORMAL', '2007-02-22 08:30:34');
INSERT INTO `log_transaction` VALUES (273, 7, 10, 305, 50, 'BUY', 'NORMAL', '2007-02-22 08:30:34');
INSERT INTO `log_transaction` VALUES (274, 8, 10, 305, 50, 'BUY', 'NORMAL', '2007-02-22 08:30:34');
INSERT INTO `log_transaction` VALUES (275, 11, 10, 305, 300, 'BUY', 'NORMAL', '2007-02-22 08:30:34');
INSERT INTO `log_transaction` VALUES (276, 12, 10, 305, 50, 'BUY', 'NORMAL', '2007-02-22 08:30:34');
INSERT INTO `log_transaction` VALUES (277, 13, 10, 305, 50, 'BUY', 'NORMAL', '2007-02-22 08:30:34');
INSERT INTO `log_transaction` VALUES (278, 14, 10, 305, 75, 'BUY', 'NORMAL', '2007-02-22 08:30:34');
INSERT INTO `log_transaction` VALUES (279, 15, 10, 305, 125, 'BUY', 'NORMAL', '2007-02-22 08:30:34');
INSERT INTO `log_transaction` VALUES (280, 16, 10, 305, 150, 'BUY', 'NORMAL', '2007-02-22 08:30:34');
INSERT INTO `log_transaction` VALUES (281, 17, 10, 305, 50, 'BUY', 'NORMAL', '2007-02-22 08:30:34');
INSERT INTO `log_transaction` VALUES (282, 18, 10, 305, 50, 'BUY', 'NORMAL', '2007-02-22 08:30:34');
INSERT INTO `log_transaction` VALUES (283, 20, 10, 305, 50, 'BUY', 'NORMAL', '2007-02-22 08:30:34');
INSERT INTO `log_transaction` VALUES (284, 21, 10, 305, 50, 'BUY', 'NORMAL', '2007-02-22 08:30:34');
INSERT INTO `log_transaction` VALUES (285, 22, 10, 305, 50, 'BUY', 'NORMAL', '2007-02-22 08:30:34');
INSERT INTO `log_transaction` VALUES (286, 23, 10, 305, 50, 'BUY', 'NORMAL', '2007-02-22 08:30:34');
INSERT INTO `log_transaction` VALUES (287, 24, 10, 305, 375, 'BUY', 'NORMAL', '2007-02-22 08:30:34');
INSERT INTO `log_transaction` VALUES (288, 26, 10, 305, 50, 'BUY', 'NORMAL', '2007-02-22 08:30:34');
INSERT INTO `log_transaction` VALUES (289, 27, 10, 305, 50, 'BUY', 'NORMAL', '2007-02-22 08:30:34');
INSERT INTO `log_transaction` VALUES (290, 29, 10, 305, 450, 'BUY', 'NORMAL', '2007-02-22 08:30:34');
INSERT INTO `log_transaction` VALUES (291, 30, 10, 305, 150, 'BUY', 'NORMAL', '2007-02-22 08:30:34');
INSERT INTO `log_transaction` VALUES (292, 32, 10, 305, 50, 'BUY', 'NORMAL', '2007-02-22 08:30:34');
INSERT INTO `log_transaction` VALUES (293, 33, 10, 305, 25, 'BUY', 'NORMAL', '2007-02-22 08:30:34');
INSERT INTO `log_transaction` VALUES (294, 34, 10, 305, 50, 'BUY', 'NORMAL', '2007-02-22 08:30:34');
INSERT INTO `log_transaction` VALUES (295, 35, 10, 305, 50, 'BUY', 'NORMAL', '2007-02-22 08:30:34');
INSERT INTO `log_transaction` VALUES (296, 36, 10, 305, 50, 'BUY', 'NORMAL', '2007-02-22 08:30:34');
INSERT INTO `log_transaction` VALUES (297, 37, 10, 305, 50, 'BUY', 'NORMAL', '2007-02-22 08:30:34');
INSERT INTO `log_transaction` VALUES (298, 39, 10, 305, 50, 'BUY', 'NORMAL', '2007-02-22 08:30:34');
INSERT INTO `log_transaction` VALUES (299, 41, 10, 305, 50, 'BUY', 'NORMAL', '2007-02-22 08:30:34');
INSERT INTO `log_transaction` VALUES (300, 44, 10, 305, 50, 'BUY', 'NORMAL', '2007-02-22 08:30:34');
INSERT INTO `log_transaction` VALUES (301, 45, 10, 305, 50, 'BUY', 'NORMAL', '2007-02-22 08:30:34');
INSERT INTO `log_transaction` VALUES (302, 46, 10, 305, 50, 'BUY', 'NORMAL', '2007-02-22 08:30:34');
INSERT INTO `log_transaction` VALUES (303, 47, 10, 305, 175, 'BUY', 'NORMAL', '2007-02-22 08:30:34');
INSERT INTO `log_transaction` VALUES (304, 48, 10, 305, 150, 'BUY', 'NORMAL', '2007-02-22 08:30:34');
INSERT INTO `log_transaction` VALUES (305, 49, 10, 305, 50, 'BUY', 'NORMAL', '2007-02-22 08:30:34');
INSERT INTO `log_transaction` VALUES (306, 50, 10, 305, 50, 'BUY', 'NORMAL', '2007-02-22 08:30:34');
INSERT INTO `log_transaction` VALUES (307, 51, 10, 305, 50, 'BUY', 'NORMAL', '2007-02-22 08:30:34');
INSERT INTO `log_transaction` VALUES (308, 52, 10, 305, 50, 'BUY', 'NORMAL', '2007-02-22 08:30:34');
INSERT INTO `log_transaction` VALUES (309, 53, 10, 305, 50, 'BUY', 'NORMAL', '2007-02-22 08:30:34');
INSERT INTO `log_transaction` VALUES (310, 54, 10, 305, 50, 'BUY', 'NORMAL', '2007-02-22 08:30:34');
INSERT INTO `log_transaction` VALUES (311, 55, 10, 305, 50, 'BUY', 'NORMAL', '2007-02-22 08:30:34');
INSERT INTO `log_transaction` VALUES (312, 27, 1, 402, 100, 'SELL', 'NORMAL', '2007-02-22 08:30:35');
INSERT INTO `log_transaction` VALUES (313, 27, 10, 305, 100, 'SELL', 'NORMAL', '2007-02-22 08:30:35');
INSERT INTO `log_transaction` VALUES (314, 33, 11, 511, 600, 'BUY', 'SHORT', '2007-02-22 08:30:37');
INSERT INTO `log_transaction` VALUES (315, 17, 5, 358, 100, 'SELL', 'NORMAL', '2007-02-22 08:30:47');
INSERT INTO `log_transaction` VALUES (316, 43, 7, 635, 1000, 'BUY', 'SHORT', '2007-02-22 08:30:51');
INSERT INTO `log_transaction` VALUES (317, 43, 14, 466, 1000, 'BUY', 'SHORT', '2007-02-22 08:30:51');
INSERT INTO `log_transaction` VALUES (318, 8, 1, 402, 600, 'SELL', 'NORMAL', '2007-02-22 08:30:57');
INSERT INTO `log_transaction` VALUES (319, 34, 14, 466, 600, 'BUY', 'SHORT', '2007-02-22 08:30:58');
INSERT INTO `log_transaction` VALUES (320, 30, 1, 402, 250, 'SELL', 'NORMAL', '2007-02-22 08:31:00');
INSERT INTO `log_transaction` VALUES (321, 30, 4, 477, 250, 'BUY', 'NORMAL', '2007-02-22 08:31:00');
INSERT INTO `log_transaction` VALUES (322, 41, 11, 511, 600, 'BUY', 'SHORT', '2007-02-22 08:31:14');
INSERT INTO `log_transaction` VALUES (323, 31, 14, 466, 600, 'BUY', 'SHORT', '2007-02-22 08:31:30');
INSERT INTO `log_transaction` VALUES (324, 12, 6, 331, 300, 'SELL', 'NORMAL', '2007-02-22 08:31:30');
INSERT INTO `log_transaction` VALUES (325, 12, 9, 572, 300, 'BUY', 'NORMAL', '2007-02-22 08:31:30');
INSERT INTO `log_transaction` VALUES (326, 22, 1, 402, 100, 'SELL', 'NORMAL', '2007-02-22 08:31:35');
INSERT INTO `log_transaction` VALUES (327, 22, 5, 358, 300, 'BUY', 'NORMAL', '2007-02-22 08:31:35');
INSERT INTO `log_transaction` VALUES (328, 10, 10, 305, 250, 'BUY', 'NORMAL', '2007-02-22 08:31:39');
INSERT INTO `log_transaction` VALUES (329, 10, 11, 511, 100, 'SELL', 'NORMAL', '2007-02-22 08:31:39');
INSERT INTO `log_transaction` VALUES (330, 20, 1, 402, 600, 'BUY', 'SHORT', '2007-02-22 08:31:51');
INSERT INTO `log_transaction` VALUES (331, 32, 7, 635, 300, 'BUY', 'SHORT', '2007-02-22 08:31:55');
INSERT INTO `log_transaction` VALUES (332, 32, 14, 466, 300, 'BUY', 'SHORT', '2007-02-22 08:31:55');
INSERT INTO `log_transaction` VALUES (333, 27, 1, 402, 600, 'BUY', 'SHORT', '2007-02-22 08:32:06');
INSERT INTO `log_transaction` VALUES (334, 3, 1, 402, 300, 'BUY', 'SHORT', '2007-02-22 08:32:10');
INSERT INTO `log_transaction` VALUES (335, 3, 2, 228, 300, 'BUY', 'SHORT', '2007-02-22 08:32:10');
INSERT INTO `log_transaction` VALUES (336, 31, 11, 511, 600, 'BUY', 'NORMAL', '2007-02-22 08:32:18');
INSERT INTO `log_transaction` VALUES (337, 29, 10, 305, 250, 'BUY', 'NORMAL', '2007-02-22 08:32:26');
INSERT INTO `log_transaction` VALUES (338, 42, 7, 635, 200, 'BUY', 'SHORT', '2007-02-22 08:32:29');
INSERT INTO `log_transaction` VALUES (339, 42, 10, 305, 100, 'SELL', 'SHORT', '2007-02-22 08:32:29');
INSERT INTO `log_transaction` VALUES (340, 34, 11, 511, 600, 'BUY', 'NORMAL', '2007-02-22 08:32:39');
INSERT INTO `log_transaction` VALUES (341, 25, 9, 572, 100, 'BUY', 'NORMAL', '2007-02-22 08:32:49');
INSERT INTO `log_transaction` VALUES (342, 25, 10, 305, 200, 'BUY', 'NORMAL', '2007-02-22 08:32:49');
INSERT INTO `log_transaction` VALUES (343, 35, 1, 402, 350, 'SELL', 'NORMAL', '2007-02-22 08:33:29');
INSERT INTO `log_transaction` VALUES (344, 46, 9, 572, 250, 'SELL', 'NORMAL', '2007-02-22 08:33:33');
INSERT INTO `log_transaction` VALUES (345, 46, 14, 466, 100, 'SELL', 'NORMAL', '2007-02-22 08:33:33');
INSERT INTO `log_transaction` VALUES (346, 5, 10, 305, 600, 'BUY', 'SHORT', '2007-02-22 08:33:49');
INSERT INTO `log_transaction` VALUES (347, 45, 5, 358, 50, 'SELL', 'NORMAL', '2007-02-22 08:33:51');
INSERT INTO `log_transaction` VALUES (348, 45, 6, 331, 100, 'BUY', 'NORMAL', '2007-02-22 08:33:51');
INSERT INTO `log_transaction` VALUES (349, 37, 1, 402, 300, 'SELL', 'NORMAL', '2007-02-22 08:33:55');
INSERT INTO `log_transaction` VALUES (350, 28, 1, 402, 200, 'SELL', 'NORMAL', '2007-02-22 08:34:09');
INSERT INTO `log_transaction` VALUES (351, 28, 5, 358, 100, 'SELL', 'NORMAL', '2007-02-22 08:34:09');
INSERT INTO `log_transaction` VALUES (352, 2, 2, 228, 300, 'BUY', 'SHORT', '2007-02-22 08:34:11');
INSERT INTO `log_transaction` VALUES (353, 2, 14, 466, 300, 'BUY', 'SHORT', '2007-02-22 08:34:11');
INSERT INTO `log_transaction` VALUES (354, 36, 11, 511, 300, 'BUY', 'SHORT', '2007-02-22 08:34:25');
INSERT INTO `log_transaction` VALUES (355, 36, 14, 466, 300, 'BUY', 'SHORT', '2007-02-22 08:34:25');
INSERT INTO `log_transaction` VALUES (356, 11, 1, 402, 600, 'BUY', 'SHORT', '2007-02-22 08:34:27');
INSERT INTO `log_transaction` VALUES (357, 21, 2, 228, 100, 'SELL', 'NORMAL', '2007-02-22 08:34:36');
INSERT INTO `log_transaction` VALUES (358, 21, 5, 358, 100, 'SELL', 'NORMAL', '2007-02-22 08:34:36');
INSERT INTO `log_transaction` VALUES (359, 48, 12, 401, 100, 'BUY', 'NORMAL', '2007-02-22 08:34:41');
INSERT INTO `log_transaction` VALUES (360, 19, 13, 415, 600, 'BUY', 'NORMAL', '2007-02-22 08:34:52');
INSERT INTO `log_transaction` VALUES (361, 38, 11, 511, 300, 'BUY', 'SHORT', '2007-02-22 08:34:52');
INSERT INTO `log_transaction` VALUES (362, 38, 14, 466, 300, 'BUY', 'SHORT', '2007-02-22 08:34:52');
INSERT INTO `log_transaction` VALUES (363, 48, 14, 466, 50, 'SELL', 'NORMAL', '2007-02-22 08:34:55');
INSERT INTO `log_transaction` VALUES (364, 6, 1, 402, 600, 'BUY', 'SHORT', '2007-02-22 08:34:56');
INSERT INTO `log_transaction` VALUES (365, 26, 7, 635, 300, 'BUY', 'SHORT', '2007-02-22 08:35:07');
INSERT INTO `log_transaction` VALUES (366, 26, 14, 466, 300, 'BUY', 'SHORT', '2007-02-22 08:35:07');
INSERT INTO `log_transaction` VALUES (367, 20, 15, 584, 600, 'BUY', 'NORMAL', '2007-02-22 08:35:21');
INSERT INTO `log_transaction` VALUES (368, 33, 7, 635, 200, 'SELL', 'NORMAL', '2007-02-22 08:35:28');
INSERT INTO `log_transaction` VALUES (369, 33, 15, 584, 100, 'SELL', 'NORMAL', '2007-02-22 08:35:28');
INSERT INTO `log_transaction` VALUES (370, 43, 7, 635, 1000, 'BUY', 'SHORT', '2007-02-22 08:35:29');
INSERT INTO `log_transaction` VALUES (371, 43, 14, 466, 1000, 'BUY', 'SHORT', '2007-02-22 08:35:29');
INSERT INTO `log_transaction` VALUES (372, 30, 5, 355, 100, 'SELL', 'NORMAL', '2007-02-22 08:35:37');
INSERT INTO `log_transaction` VALUES (373, 30, 10, 298, 100, 'BUY', 'NORMAL', '2007-02-22 08:35:37');
INSERT INTO `log_transaction` VALUES (374, 14, 14, 444, 100, 'SELL', 'NORMAL', '2007-02-22 08:35:42');
INSERT INTO `log_transaction` VALUES (375, 43, 11, 482, 1000, 'BUY', 'NORMAL', '2007-02-22 08:35:48');
INSERT INTO `log_transaction` VALUES (376, 14, 10, 298, 100, 'SELL', 'NORMAL', '2007-02-22 08:36:10');
INSERT INTO `log_transaction` VALUES (377, 44, 3, 436, 50, 'BUY', 'NORMAL', '2007-02-22 08:36:28');
INSERT INTO `log_transaction` VALUES (378, 44, 10, 298, 50, 'BUY', 'NORMAL', '2007-02-22 08:36:28');
INSERT INTO `log_transaction` VALUES (379, 22, 2, 221, 100, 'SELL', 'NORMAL', '2007-02-22 08:36:34');
INSERT INTO `log_transaction` VALUES (380, 22, 10, 298, 150, 'SELL', 'NORMAL', '2007-02-22 08:36:34');
INSERT INTO `log_transaction` VALUES (381, 11, 12, 411, 100, 'SELL', 'NORMAL', '2007-02-22 08:36:36');
INSERT INTO `log_transaction` VALUES (382, 34, 14, 444, 600, 'BUY', 'SHORT', '2007-02-22 08:36:36');
INSERT INTO `log_transaction` VALUES (383, 9, 1, 381, 100, 'SELL', 'NORMAL', '2007-02-22 08:36:48');
INSERT INTO `log_transaction` VALUES (384, 9, 15, 580, 200, 'BUY', 'NORMAL', '2007-02-22 08:36:48');
INSERT INTO `log_transaction` VALUES (385, 42, 5, 355, 100, 'BUY', 'NORMAL', '2007-02-22 08:37:20');
INSERT INTO `log_transaction` VALUES (386, 42, 12, 411, 200, 'SELL', 'NORMAL', '2007-02-22 08:37:20');
INSERT INTO `log_transaction` VALUES (387, 11, 1, 381, 300, 'SELL', 'NORMAL', '2007-02-22 08:37:24');
INSERT INTO `log_transaction` VALUES (388, 29, 10, 298, 100, 'BUY', 'NORMAL', '2007-02-22 08:37:30');
INSERT INTO `log_transaction` VALUES (389, 7, 11, 482, 600, 'SELL', 'SHORT', '2007-02-22 08:37:33');
INSERT INTO `log_transaction` VALUES (390, 47, 1, 381, 100, 'BUY', 'NORMAL', '2007-02-22 08:37:42');
INSERT INTO `log_transaction` VALUES (391, 32, 7, 586, 300, 'BUY', 'SHORT', '2007-02-22 08:37:42');
INSERT INTO `log_transaction` VALUES (392, 32, 14, 444, 300, 'BUY', 'SHORT', '2007-02-22 08:37:42');
INSERT INTO `log_transaction` VALUES (393, 47, 7, 586, 100, 'SELL', 'NORMAL', '2007-02-22 08:37:42');
INSERT INTO `log_transaction` VALUES (394, 27, 7, 586, 300, 'BUY', 'NORMAL', '2007-02-22 08:37:49');
INSERT INTO `log_transaction` VALUES (395, 27, 15, 580, 300, 'BUY', 'NORMAL', '2007-02-22 08:37:49');
INSERT INTO `log_transaction` VALUES (396, 15, 11, 482, 600, 'BUY', 'SHORT', '2007-02-22 08:37:51');
INSERT INTO `log_transaction` VALUES (397, 34, 14, 444, 600, 'BUY', 'SHORT', '2007-02-22 08:37:59');
INSERT INTO `log_transaction` VALUES (398, 25, 14, 444, 600, 'BUY', 'SHORT', '2007-02-22 08:38:08');
INSERT INTO `log_transaction` VALUES (399, 47, 10, 298, 300, 'SELL', 'SHORT', '2007-02-22 08:38:08');
INSERT INTO `log_transaction` VALUES (400, 47, 14, 444, 100, 'SELL', 'SHORT', '2007-02-22 08:38:08');
INSERT INTO `log_transaction` VALUES (401, 8, 3, 436, 200, 'BUY', 'NORMAL', '2007-02-22 08:38:16');
INSERT INTO `log_transaction` VALUES (402, 8, 15, 580, 100, 'SELL', 'NORMAL', '2007-02-22 08:38:16');
INSERT INTO `log_transaction` VALUES (403, 31, 14, 444, 600, 'BUY', 'SHORT', '2007-02-22 08:38:18');
INSERT INTO `log_transaction` VALUES (404, 19, 15, 580, 250, 'BUY', 'NORMAL', '2007-02-22 08:38:21');
INSERT INTO `log_transaction` VALUES (405, 28, 14, 444, 600, 'BUY', 'SHORT', '2007-02-22 08:38:24');
INSERT INTO `log_transaction` VALUES (406, 45, 11, 482, 100, 'SELL', 'NORMAL', '2007-02-22 08:38:42');
INSERT INTO `log_transaction` VALUES (407, 45, 14, 444, 50, 'SELL', 'NORMAL', '2007-02-22 08:38:42');
INSERT INTO `log_transaction` VALUES (408, 34, 11, 482, 600, 'BUY', 'NORMAL', '2007-02-22 08:38:48');
INSERT INTO `log_transaction` VALUES (409, 26, 7, 586, 600, 'BUY', 'SHORT', '2007-02-22 08:38:49');
INSERT INTO `log_transaction` VALUES (410, 10, 7, 586, 100, 'BUY', 'NORMAL', '2007-02-22 08:38:50');
INSERT INTO `log_transaction` VALUES (411, 10, 15, 580, 100, 'SELL', 'NORMAL', '2007-02-22 08:38:50');
INSERT INTO `log_transaction` VALUES (412, 13, 1, 381, 100, 'SELL', 'NORMAL', '2007-02-22 08:38:53');
INSERT INTO `log_transaction` VALUES (413, 13, 4, 465, 350, 'SELL', 'NORMAL', '2007-02-22 08:38:53');
INSERT INTO `log_transaction` VALUES (414, 41, 14, 444, 600, 'BUY', 'SHORT', '2007-02-22 08:39:05');
INSERT INTO `log_transaction` VALUES (415, 31, 14, 444, 600, 'BUY', 'SHORT', '2007-02-22 08:39:07');
INSERT INTO `log_transaction` VALUES (416, 1, 15, 580, 600, 'BUY', 'SHORT', '2007-02-22 08:39:11');
INSERT INTO `log_transaction` VALUES (417, 38, 14, 444, 300, 'BUY', 'SHORT', '2007-02-22 08:39:23');
INSERT INTO `log_transaction` VALUES (418, 21, 1, 381, 300, 'SELL', 'SHORT', '2007-02-22 08:39:23');
INSERT INTO `log_transaction` VALUES (419, 21, 14, 444, 300, 'SELL', 'SHORT', '2007-02-22 08:39:23');
INSERT INTO `log_transaction` VALUES (420, 42, 7, 586, 200, 'SELL', 'SHORT', '2007-02-22 08:39:30');
INSERT INTO `log_transaction` VALUES (421, 42, 10, 298, 200, 'SELL', 'SHORT', '2007-02-22 08:39:30');
INSERT INTO `log_transaction` VALUES (422, 3, 14, 444, 600, 'BUY', 'SHORT', '2007-02-22 08:39:32');
INSERT INTO `log_transaction` VALUES (423, 20, 7, 586, 600, 'BUY', 'NORMAL', '2007-02-22 08:39:35');
INSERT INTO `log_transaction` VALUES (424, 30, 7, 586, 100, 'BUY', 'NORMAL', '2007-02-22 08:39:44');
INSERT INTO `log_transaction` VALUES (425, 30, 10, 298, 100, 'BUY', 'NORMAL', '2007-02-22 08:39:44');
INSERT INTO `log_transaction` VALUES (426, 35, 11, 482, 600, 'SELL', 'SHORT', '2007-02-22 08:39:49');
INSERT INTO `log_transaction` VALUES (427, 47, 12, 411, 100, 'BUY', 'NORMAL', '2007-02-22 08:39:55');
INSERT INTO `log_transaction` VALUES (428, 47, 15, 580, 100, 'SELL', 'NORMAL', '2007-02-22 08:39:55');
INSERT INTO `log_transaction` VALUES (429, 2, 14, 444, 600, 'BUY', 'SHORT', '2007-02-22 08:40:05');
INSERT INTO `log_transaction` VALUES (430, 16, 12, 411, 200, 'SELL', 'NORMAL', '2007-02-22 08:40:10');
INSERT INTO `log_transaction` VALUES (431, 27, 11, 482, 600, 'SELL', 'SHORT', '2007-02-22 08:40:12');
INSERT INTO `log_transaction` VALUES (432, 37, 10, 298, 300, 'SELL', 'SHORT', '2007-02-22 08:40:22');
INSERT INTO `log_transaction` VALUES (433, 37, 11, 482, 300, 'SELL', 'SHORT', '2007-02-22 08:40:22');
INSERT INTO `log_transaction` VALUES (434, 6, 14, 444, 600, 'BUY', 'SHORT', '2007-02-22 08:40:22');
INSERT INTO `log_transaction` VALUES (435, 43, 7, 586, 1000, 'BUY', 'SHORT', '2007-02-22 08:40:22');
INSERT INTO `log_transaction` VALUES (436, 43, 14, 444, 1000, 'BUY', 'SHORT', '2007-02-22 08:40:22');
INSERT INTO `log_transaction` VALUES (437, 22, 10, 298, 600, 'BUY', 'SHORT', '2007-02-22 08:40:35');
INSERT INTO `log_transaction` VALUES (438, 5, 15, 580, 600, 'BUY', 'SHORT', '2007-02-22 08:40:42');
INSERT INTO `log_transaction` VALUES (439, 36, 14, 444, 600, 'BUY', 'SHORT', '2007-02-22 08:40:43');
INSERT INTO `log_transaction` VALUES (440, 12, 7, 586, 300, 'BUY', 'NORMAL', '2007-02-22 08:40:43');
INSERT INTO `log_transaction` VALUES (441, 12, 9, 555, 300, 'SELL', 'NORMAL', '2007-02-22 08:40:43');
INSERT INTO `log_transaction` VALUES (442, 41, 14, 444, 300, 'BUY', 'SHORT', '2007-02-22 08:40:45');
INSERT INTO `log_transaction` VALUES (443, 25, 14, 444, 600, 'BUY', 'SHORT', '2007-02-22 08:40:58');
INSERT INTO `log_transaction` VALUES (444, 33, 14, 444, 600, 'BUY', 'SHORT', '2007-02-22 08:41:01');
INSERT INTO `log_transaction` VALUES (445, 44, 6, 326, 100, 'BUY', 'NORMAL', '2007-02-22 08:41:38');
INSERT INTO `log_transaction` VALUES (446, 44, 15, 580, 50, 'SELL', 'NORMAL', '2007-02-22 08:41:38');
INSERT INTO `log_transaction` VALUES (447, 31, 14, 444, 600, 'BUY', 'SHORT', '2007-02-22 08:41:38');
INSERT INTO `log_transaction` VALUES (448, 9, 6, 326, 500, 'SELL', 'NORMAL', '2007-02-22 08:41:46');
INSERT INTO `log_transaction` VALUES (449, 28, 14, 444, 600, 'BUY', 'SHORT', '2007-02-22 08:41:49');
INSERT INTO `log_transaction` VALUES (450, 34, 14, 444, 600, 'BUY', 'SHORT', '2007-02-22 08:41:52');
INSERT INTO `log_transaction` VALUES (451, 42, 1, 381, 200, 'SELL', 'NORMAL', '2007-02-22 08:42:00');
INSERT INTO `log_transaction` VALUES (452, 42, 15, 580, 200, 'SELL', 'NORMAL', '2007-02-22 08:42:00');
INSERT INTO `log_transaction` VALUES (453, 14, 5, 355, 200, 'SELL', 'NORMAL', '2007-02-22 08:42:02');
INSERT INTO `log_transaction` VALUES (454, 14, 7, 586, 100, 'BUY', 'NORMAL', '2007-02-22 08:42:02');
INSERT INTO `log_transaction` VALUES (455, 31, 14, 333, 600, 'BUY', 'SHORT', '2007-02-22 08:42:17');
INSERT INTO `log_transaction` VALUES (456, 26, 14, 333, 600, 'BUY', 'SHORT', '2007-02-22 08:42:21');
INSERT INTO `log_transaction` VALUES (457, 7, 2, 220, 300, 'SELL', 'SHORT', '2007-02-22 08:42:24');
INSERT INTO `log_transaction` VALUES (458, 7, 6, 324, 300, 'SELL', 'SHORT', '2007-02-22 08:42:24');
INSERT INTO `log_transaction` VALUES (459, 47, 5, 352, 300, 'SELL', 'NORMAL', '2007-02-22 08:42:33');
INSERT INTO `log_transaction` VALUES (460, 47, 9, 550, 250, 'BUY', 'NORMAL', '2007-02-22 08:42:33');
INSERT INTO `log_transaction` VALUES (461, 27, 1, 371, 600, 'SELL', 'SHORT', '2007-02-22 08:42:39');
INSERT INTO `log_transaction` VALUES (462, 11, 7, 576, 100, 'SELL', 'NORMAL', '2007-02-22 08:44:35');
INSERT INTO `log_transaction` VALUES (463, 21, 1, 371, 100, 'SELL', 'NORMAL', '2007-02-22 08:44:57');
INSERT INTO `log_transaction` VALUES (464, 21, 4, 461, 100, 'SELL', 'NORMAL', '2007-02-22 08:44:57');
INSERT INTO `log_transaction` VALUES (465, 43, 11, 485, 700, 'BUY', 'NORMAL', '2007-02-22 08:45:01');
INSERT INTO `log_transaction` VALUES (466, 5, 1, 371, 350, 'SELL', 'NORMAL', '2007-02-22 08:45:17');
INSERT INTO `log_transaction` VALUES (467, 5, 7, 576, 350, 'BUY', 'NORMAL', '2007-02-22 08:45:17');
INSERT INTO `log_transaction` VALUES (468, 11, 4, 461, 250, 'BUY', 'NORMAL', '2007-02-22 08:45:25');
INSERT INTO `log_transaction` VALUES (469, 27, 7, 576, 500, 'BUY', 'NORMAL', '2007-02-22 08:45:36');
INSERT INTO `log_transaction` VALUES (470, 42, 3, 438, 200, 'SELL', 'NORMAL', '2007-02-22 08:45:37');
INSERT INTO `log_transaction` VALUES (471, 42, 11, 485, 300, 'BUY', 'NORMAL', '2007-02-22 08:45:37');
INSERT INTO `log_transaction` VALUES (472, 47, 12, 408, 300, 'SELL', 'NORMAL', '2007-02-22 08:46:10');
INSERT INTO `log_transaction` VALUES (473, 29, 10, 300, 200, 'SELL', 'NORMAL', '2007-02-22 08:48:03');
INSERT INTO `log_transaction` VALUES (474, 41, 7, 576, 250, 'BUY', 'NORMAL', '2007-02-22 08:48:10');
INSERT INTO `log_transaction` VALUES (475, 41, 11, 485, 250, 'BUY', 'NORMAL', '2007-02-22 08:48:10');
INSERT INTO `log_transaction` VALUES (476, 38, 4, 461, 100, 'SELL', 'NORMAL', '2007-02-22 08:48:15');
INSERT INTO `log_transaction` VALUES (477, 38, 10, 300, 350, 'BUY', 'NORMAL', '2007-02-22 08:48:15');
INSERT INTO `log_transaction` VALUES (478, 10, 6, 324, 100, 'SELL', 'NORMAL', '2007-02-22 08:48:16');
INSERT INTO `log_transaction` VALUES (479, 10, 9, 550, 100, 'SELL', 'NORMAL', '2007-02-22 08:48:16');
INSERT INTO `log_transaction` VALUES (480, 35, 7, 576, 700, 'BUY', 'NORMAL', '2007-02-22 08:48:50');
INSERT INTO `log_transaction` VALUES (481, 30, 4, 461, 250, 'SELL', 'NORMAL', '2007-02-22 08:48:50');
INSERT INTO `log_transaction` VALUES (482, 8, 5, 352, 200, 'BUY', 'NORMAL', '2007-02-22 08:48:52');
INSERT INTO `log_transaction` VALUES (483, 8, 6, 324, 100, 'SELL', 'NORMAL', '2007-02-22 08:48:52');
INSERT INTO `log_transaction` VALUES (484, 30, 5, 352, 50, 'BUY', 'NORMAL', '2007-02-22 08:49:04');
INSERT INTO `log_transaction` VALUES (485, 47, 1, 371, 200, 'SELL', 'NORMAL', '2007-02-22 08:49:11');
INSERT INTO `log_transaction` VALUES (486, 47, 2, 220, 100, 'SELL', 'NORMAL', '2007-02-22 08:49:11');
INSERT INTO `log_transaction` VALUES (487, 47, 4, 461, 100, 'SELL', 'NORMAL', '2007-02-22 08:49:11');
INSERT INTO `log_transaction` VALUES (488, 47, 6, 324, 100, 'SELL', 'NORMAL', '2007-02-22 08:49:11');
INSERT INTO `log_transaction` VALUES (489, 47, 7, 576, 250, 'SELL', 'NORMAL', '2007-02-22 08:49:11');
INSERT INTO `log_transaction` VALUES (490, 47, 8, 245, 100, 'SELL', 'NORMAL', '2007-02-22 08:49:11');
INSERT INTO `log_transaction` VALUES (491, 47, 9, 550, 350, 'SELL', 'NORMAL', '2007-02-22 08:49:11');
INSERT INTO `log_transaction` VALUES (492, 47, 10, 300, 525, 'SELL', 'NORMAL', '2007-02-22 08:49:11');
INSERT INTO `log_transaction` VALUES (493, 47, 11, 485, 100, 'SELL', 'NORMAL', '2007-02-22 08:49:11');
INSERT INTO `log_transaction` VALUES (494, 47, 12, 408, 100, 'SELL', 'NORMAL', '2007-02-22 08:49:11');
INSERT INTO `log_transaction` VALUES (495, 47, 13, 410, 100, 'SELL', 'NORMAL', '2007-02-22 08:49:11');
INSERT INTO `log_transaction` VALUES (496, 47, 14, 333, 200, 'SELL', 'NORMAL', '2007-02-22 08:49:11');
INSERT INTO `log_transaction` VALUES (497, 37, 7, 576, 300, 'BUY', 'NORMAL', '2007-02-22 08:49:27');
INSERT INTO `log_transaction` VALUES (498, 1, 7, 576, 350, 'BUY', 'NORMAL', '2007-02-22 08:49:34');
INSERT INTO `log_transaction` VALUES (499, 22, 6, 324, 100, 'SELL', 'NORMAL', '2007-02-22 08:49:36');
INSERT INTO `log_transaction` VALUES (500, 22, 9, 550, 100, 'SELL', 'NORMAL', '2007-02-22 08:49:36');
INSERT INTO `log_transaction` VALUES (501, 12, 14, 333, 350, 'BUY', 'NORMAL', '2007-02-22 08:49:39');
INSERT INTO `log_transaction` VALUES (502, 43, 11, 485, 70, 'BUY', 'NORMAL', '2007-02-22 08:49:50');
INSERT INTO `log_transaction` VALUES (503, 28, 11, 485, 700, 'BUY', 'NORMAL', '2007-02-22 08:49:55');
INSERT INTO `log_transaction` VALUES (504, 3, 6, 324, 100, 'SELL', 'NORMAL', '2007-02-22 08:50:06');
INSERT INTO `log_transaction` VALUES (505, 3, 10, 300, 350, 'BUY', 'NORMAL', '2007-02-22 08:50:06');
INSERT INTO `log_transaction` VALUES (506, 36, 7, 576, 300, 'BUY', 'NORMAL', '2007-02-22 08:50:10');
INSERT INTO `log_transaction` VALUES (507, 44, 11, 485, 100, 'BUY', 'NORMAL', '2007-02-22 08:50:18');
INSERT INTO `log_transaction` VALUES (508, 44, 15, 576, 50, 'SELL', 'NORMAL', '2007-02-22 08:50:18');
INSERT INTO `log_transaction` VALUES (509, 2, 2, 220, 550, 'BUY', 'NORMAL', '2007-02-22 08:50:38');
INSERT INTO `log_transaction` VALUES (510, 31, 7, 576, 100, 'SELL', 'NORMAL', '2007-02-22 08:50:54');
INSERT INTO `log_transaction` VALUES (511, 15, 11, 485, 200, 'BUY', 'NORMAL', '2007-02-22 08:50:58');
INSERT INTO `log_transaction` VALUES (512, 45, 1, 371, 250, 'SELL', 'NORMAL', '2007-02-22 08:50:59');
INSERT INTO `log_transaction` VALUES (513, 45, 4, 461, 100, 'SELL', 'NORMAL', '2007-02-22 08:50:59');
INSERT INTO `log_transaction` VALUES (514, 26, 6, 324, 100, 'SELL', 'NORMAL', '2007-02-22 08:51:00');
INSERT INTO `log_transaction` VALUES (515, 26, 11, 485, 350, 'BUY', 'NORMAL', '2007-02-22 08:51:00');
INSERT INTO `log_transaction` VALUES (516, 6, 7, 576, 350, 'BUY', 'NORMAL', '2007-02-22 08:51:14');
INSERT INTO `log_transaction` VALUES (517, 6, 13, 410, 100, 'SELL', 'NORMAL', '2007-02-22 08:51:14');
INSERT INTO `log_transaction` VALUES (518, 21, 6, 324, 100, 'SELL', 'NORMAL', '2007-02-22 08:51:27');
INSERT INTO `log_transaction` VALUES (519, 16, 10, 300, 300, 'SELL', 'NORMAL', '2007-02-22 08:51:27');
INSERT INTO `log_transaction` VALUES (520, 16, 11, 485, 350, 'BUY', 'NORMAL', '2007-02-22 08:51:27');
INSERT INTO `log_transaction` VALUES (521, 21, 14, 333, 300, 'BUY', 'NORMAL', '2007-02-22 08:51:27');
INSERT INTO `log_transaction` VALUES (522, 32, 5, 352, 100, 'SELL', 'NORMAL', '2007-02-22 08:51:42');
INSERT INTO `log_transaction` VALUES (523, 32, 9, 550, 100, 'SELL', 'NORMAL', '2007-02-22 08:51:42');
INSERT INTO `log_transaction` VALUES (524, 9, 6, 324, 100, 'SELL', 'NORMAL', '2007-02-22 08:51:48');
INSERT INTO `log_transaction` VALUES (525, 9, 11, 485, 250, 'BUY', 'NORMAL', '2007-02-22 08:51:48');
INSERT INTO `log_transaction` VALUES (526, 14, 10, 300, 100, 'BUY', 'NORMAL', '2007-02-22 08:51:52');
INSERT INTO `log_transaction` VALUES (527, 14, 14, 333, 350, 'BUY', 'NORMAL', '2007-02-22 08:51:52');
INSERT INTO `log_transaction` VALUES (528, 33, 11, 485, 50, 'SELL', 'NORMAL', '2007-02-22 08:52:35');
INSERT INTO `log_transaction` VALUES (529, 30, 8, 245, 200, 'SELL', 'NORMAL', '2007-02-22 08:52:36');
INSERT INTO `log_transaction` VALUES (530, 30, 10, 300, 200, 'BUY', 'NORMAL', '2007-02-22 08:52:36');
INSERT INTO `log_transaction` VALUES (531, 42, 1, 371, 50, 'SELL', 'NORMAL', '2007-02-22 08:52:44');
INSERT INTO `log_transaction` VALUES (532, 42, 2, 220, 100, 'SELL', 'NORMAL', '2007-02-22 08:52:44');
INSERT INTO `log_transaction` VALUES (533, 42, 3, 438, 100, 'SELL', 'NORMAL', '2007-02-22 08:52:44');
INSERT INTO `log_transaction` VALUES (534, 42, 4, 461, 100, 'SELL', 'NORMAL', '2007-02-22 08:52:44');
INSERT INTO `log_transaction` VALUES (535, 42, 5, 352, 300, 'SELL', 'NORMAL', '2007-02-22 08:52:44');
INSERT INTO `log_transaction` VALUES (536, 42, 7, 576, 100, 'SELL', 'NORMAL', '2007-02-22 08:52:44');
INSERT INTO `log_transaction` VALUES (537, 42, 9, 550, 350, 'SELL', 'NORMAL', '2007-02-22 08:52:44');
INSERT INTO `log_transaction` VALUES (538, 42, 11, 485, 400, 'SELL', 'NORMAL', '2007-02-22 08:52:44');
INSERT INTO `log_transaction` VALUES (539, 42, 12, 408, 200, 'SELL', 'NORMAL', '2007-02-22 08:52:44');
INSERT INTO `log_transaction` VALUES (540, 42, 14, 333, 100, 'SELL', 'NORMAL', '2007-02-22 08:52:44');
INSERT INTO `log_transaction` VALUES (541, 42, 15, 576, 150, 'SELL', 'NORMAL', '2007-02-22 08:52:44');
INSERT INTO `log_transaction` VALUES (542, 27, 3, 438, 100, 'SELL', 'NORMAL', '2007-02-22 08:52:56');
INSERT INTO `log_transaction` VALUES (543, 27, 6, 324, 100, 'SELL', 'NORMAL', '2007-02-22 08:52:56');
INSERT INTO `log_transaction` VALUES (544, 47, 8, 245, 3, 'BUY', 'NORMAL', '2007-02-22 08:53:05');
INSERT INTO `log_transaction` VALUES (545, 47, 14, 333, 350, 'BUY', 'NORMAL', '2007-02-22 08:53:05');
INSERT INTO `log_transaction` VALUES (546, 7, 6, 324, 100, 'SELL', 'NORMAL', '2007-02-22 08:53:08');
INSERT INTO `log_transaction` VALUES (547, 23, 11, 485, 700, 'BUY', 'NORMAL', '2007-02-22 08:53:19');
INSERT INTO `log_transaction` VALUES (548, 31, 1, 371, 100, 'SELL', 'NORMAL', '2007-02-22 08:53:31');
INSERT INTO `log_transaction` VALUES (549, 31, 3, 438, 100, 'SELL', 'NORMAL', '2007-02-22 08:53:31');
INSERT INTO `log_transaction` VALUES (550, 31, 5, 352, 100, 'SELL', 'NORMAL', '2007-02-22 08:53:31');
INSERT INTO `log_transaction` VALUES (551, 47, 8, 245, 347, 'BUY', 'NORMAL', '2007-02-22 08:53:33');
INSERT INTO `log_transaction` VALUES (552, 7, 14, 333, 200, 'BUY', 'NORMAL', '2007-02-22 08:53:41');
INSERT INTO `log_transaction` VALUES (553, 22, 8, 245, 700, 'BUY', 'NORMAL', '2007-02-22 08:53:42');
INSERT INTO `log_transaction` VALUES (554, 38, 14, 333, 700, 'BUY', 'NORMAL', '2007-02-22 08:53:48');
INSERT INTO `log_transaction` VALUES (555, 19, 4, 461, 350, 'SELL', 'NORMAL', '2007-02-22 08:53:49');
INSERT INTO `log_transaction` VALUES (556, 19, 6, 324, 100, 'SELL', 'NORMAL', '2007-02-22 08:53:49');
INSERT INTO `log_transaction` VALUES (557, 28, 11, 485, 700, 'BUY', 'NORMAL', '2007-02-22 08:54:03');
INSERT INTO `log_transaction` VALUES (558, 5, 5, 352, 200, 'BUY', 'NORMAL', '2007-02-22 08:54:22');
INSERT INTO `log_transaction` VALUES (559, 5, 10, 300, 150, 'SELL', 'NORMAL', '2007-02-22 08:54:22');
INSERT INTO `log_transaction` VALUES (560, 26, 3, 438, 100, 'SELL', 'NORMAL', '2007-02-22 08:54:31');
INSERT INTO `log_transaction` VALUES (561, 26, 11, 485, 350, 'BUY', 'NORMAL', '2007-02-22 08:54:31');
INSERT INTO `log_transaction` VALUES (562, 32, 2, 220, 100, 'SELL', 'NORMAL', '2007-02-22 08:54:37');
INSERT INTO `log_transaction` VALUES (563, 32, 11, 485, 350, 'BUY', 'NORMAL', '2007-02-22 08:54:37');
INSERT INTO `log_transaction` VALUES (564, 48, 2, 220, 100, 'SELL', 'NORMAL', '2007-02-22 08:54:57');
INSERT INTO `log_transaction` VALUES (565, 48, 13, 410, 50, 'BUY', 'NORMAL', '2007-02-22 08:54:57');
INSERT INTO `log_transaction` VALUES (566, 21, 10, 300, 100, 'SELL', 'NORMAL', '2007-02-22 08:54:58');
INSERT INTO `log_transaction` VALUES (567, 21, 14, 333, 300, 'BUY', 'NORMAL', '2007-02-22 08:54:58');
INSERT INTO `log_transaction` VALUES (568, 20, 1, 371, 100, 'SELL', 'NORMAL', '2007-02-22 08:55:15');
INSERT INTO `log_transaction` VALUES (569, 20, 2, 220, 100, 'SELL', 'NORMAL', '2007-02-22 08:55:15');
INSERT INTO `log_transaction` VALUES (570, 20, 3, 438, 100, 'SELL', 'NORMAL', '2007-02-22 08:55:15');
INSERT INTO `log_transaction` VALUES (571, 20, 4, 461, 100, 'SELL', 'NORMAL', '2007-02-22 08:55:15');
INSERT INTO `log_transaction` VALUES (572, 20, 5, 352, 350, 'SELL', 'NORMAL', '2007-02-22 08:55:15');
INSERT INTO `log_transaction` VALUES (573, 20, 6, 324, 600, 'SELL', 'NORMAL', '2007-02-22 08:55:15');
INSERT INTO `log_transaction` VALUES (574, 20, 7, 576, 600, 'SELL', 'NORMAL', '2007-02-22 08:55:15');
INSERT INTO `log_transaction` VALUES (575, 20, 8, 245, 100, 'SELL', 'NORMAL', '2007-02-22 08:55:15');
INSERT INTO `log_transaction` VALUES (576, 20, 9, 550, 100, 'SELL', 'NORMAL', '2007-02-22 08:55:15');
INSERT INTO `log_transaction` VALUES (577, 20, 10, 300, 150, 'SELL', 'NORMAL', '2007-02-22 08:55:15');
INSERT INTO `log_transaction` VALUES (578, 20, 11, 485, 100, 'SELL', 'NORMAL', '2007-02-22 08:55:15');
INSERT INTO `log_transaction` VALUES (579, 48, 2, 220, 50, 'SELL', 'NORMAL', '2007-02-22 08:55:21');
INSERT INTO `log_transaction` VALUES (580, 48, 13, 410, 50, 'BUY', 'NORMAL', '2007-02-22 08:55:21');
INSERT INTO `log_transaction` VALUES (581, 30, 10, 300, 200, 'BUY', 'NORMAL', '2007-02-22 08:55:24');
INSERT INTO `log_transaction` VALUES (582, 8, 3, 438, 300, 'SELL', 'NORMAL', '2007-02-22 08:55:38');
INSERT INTO `log_transaction` VALUES (583, 11, 6, 324, 350, 'SELL', 'NORMAL', '2007-02-22 08:55:41');
INSERT INTO `log_transaction` VALUES (584, 11, 15, 576, 350, 'BUY', 'NORMAL', '2007-02-22 08:55:41');
INSERT INTO `log_transaction` VALUES (585, 29, 10, 300, 200, 'BUY', 'NORMAL', '2007-02-22 08:55:50');
INSERT INTO `log_transaction` VALUES (586, 43, 11, 485, 1000, 'BUY', 'NORMAL', '2007-02-22 08:56:01');
INSERT INTO `log_transaction` VALUES (587, 20, 15, 576, 700, 'BUY', 'NORMAL', '2007-02-22 08:56:04');
INSERT INTO `log_transaction` VALUES (588, 1, 11, 485, 200, 'BUY', 'NORMAL', '2007-02-22 08:56:05');
INSERT INTO `log_transaction` VALUES (589, 1, 15, 576, 150, 'SELL', 'NORMAL', '2007-02-22 08:56:05');
INSERT INTO `log_transaction` VALUES (590, 27, 7, 576, 250, 'BUY', 'NORMAL', '2007-02-22 08:56:12');
INSERT INTO `log_transaction` VALUES (591, 27, 9, 550, 100, 'SELL', 'NORMAL', '2007-02-22 08:56:12');
INSERT INTO `log_transaction` VALUES (592, 43, 11, 485, 400, 'BUY', 'NORMAL', '2007-02-22 08:56:22');
INSERT INTO `log_transaction` VALUES (593, 11, 5, 352, 350, 'SELL', 'NORMAL', '2007-02-22 08:56:26');
INSERT INTO `log_transaction` VALUES (594, 11, 15, 576, 350, 'BUY', 'NORMAL', '2007-02-22 08:56:26');
INSERT INTO `log_transaction` VALUES (595, 22, 7, 576, 100, 'SELL', 'NORMAL', '2007-02-22 08:56:29');
INSERT INTO `log_transaction` VALUES (596, 22, 8, 245, 200, 'BUY', 'NORMAL', '2007-02-22 08:56:29');
INSERT INTO `log_transaction` VALUES (597, 3, 3, 438, 100, 'SELL', 'NORMAL', '2007-02-22 08:56:42');
INSERT INTO `log_transaction` VALUES (598, 3, 5, 352, 250, 'SELL', 'NORMAL', '2007-02-22 08:56:42');
INSERT INTO `log_transaction` VALUES (599, 25, 5, 352, 300, 'BUY', 'NORMAL', '2007-02-22 08:56:46');
INSERT INTO `log_transaction` VALUES (600, 28, 11, 485, 350, 'BUY', 'NORMAL', '2007-02-22 08:57:05');
INSERT INTO `log_transaction` VALUES (601, 13, 11, 485, 700, 'SELL', 'NORMAL', '2007-02-22 08:57:15');
INSERT INTO `log_transaction` VALUES (602, 26, 5, 352, 100, 'SELL', 'NORMAL', '2007-02-22 08:57:27');
INSERT INTO `log_transaction` VALUES (603, 26, 11, 485, 250, 'BUY', 'NORMAL', '2007-02-22 08:57:27');
INSERT INTO `log_transaction` VALUES (604, 2, 7, 576, 150, 'SELL', 'NORMAL', '2007-02-22 08:57:32');
INSERT INTO `log_transaction` VALUES (605, 2, 10, 300, 200, 'BUY', 'NORMAL', '2007-02-22 08:57:32');
INSERT INTO `log_transaction` VALUES (606, 6, 11, 485, 200, 'BUY', 'NORMAL', '2007-02-22 08:58:34');
INSERT INTO `log_transaction` VALUES (607, 10, 3, 438, 100, 'SELL', 'NORMAL', '2007-02-22 08:59:09');
INSERT INTO `log_transaction` VALUES (608, 10, 4, 461, 100, 'SELL', 'NORMAL', '2007-02-22 08:59:09');
INSERT INTO `log_transaction` VALUES (609, 34, 11, 485, 3250, 'SELL', 'NORMAL', '2007-02-22 08:59:23');
INSERT INTO `log_transaction` VALUES (610, 45, 13, 410, 100, 'SELL', 'NORMAL', '2007-02-22 08:59:37');
INSERT INTO `log_transaction` VALUES (611, 45, 14, 333, 200, 'SELL', 'NORMAL', '2007-02-22 08:59:37');
INSERT INTO `log_transaction` VALUES (612, 21, 8, 245, 100, 'SELL', 'NORMAL', '2007-02-22 08:59:50');
INSERT INTO `log_transaction` VALUES (613, 21, 12, 408, 100, 'SELL', 'NORMAL', '2007-02-22 08:59:50');
INSERT INTO `log_transaction` VALUES (614, 41, 11, 485, 200, 'BUY', 'NORMAL', '2007-02-22 08:59:56');
INSERT INTO `log_transaction` VALUES (615, 27, 5, 352, 100, 'SELL', 'NORMAL', '2007-02-22 09:00:12');
INSERT INTO `log_transaction` VALUES (616, 27, 7, 576, 50, 'BUY', 'NORMAL', '2007-02-22 09:00:12');
INSERT INTO `log_transaction` VALUES (617, 44, 8, 245, 100, 'SELL', 'NORMAL', '2007-02-22 09:00:27');
INSERT INTO `log_transaction` VALUES (618, 44, 9, 550, 50, 'BUY', 'NORMAL', '2007-02-22 09:00:27');
INSERT INTO `log_transaction` VALUES (619, 31, 11, 485, 350, 'BUY', 'NORMAL', '2007-02-22 09:00:45');
INSERT INTO `log_transaction` VALUES (620, 47, 8, 245, 350, 'SELL', 'NORMAL', '2007-02-22 09:00:47');
INSERT INTO `log_transaction` VALUES (621, 47, 14, 333, 350, 'SELL', 'NORMAL', '2007-02-22 09:00:47');
INSERT INTO `log_transaction` VALUES (622, 27, 7, 576, 100, 'BUY', 'NORMAL', '2007-02-22 09:00:51');
INSERT INTO `log_transaction` VALUES (623, 30, 5, 352, 150, 'SELL', 'NORMAL', '2007-02-22 09:01:18');
INSERT INTO `log_transaction` VALUES (624, 30, 10, 300, 100, 'BUY', 'NORMAL', '2007-02-22 09:01:18');
INSERT INTO `log_transaction` VALUES (625, 9, 5, 352, 100, 'SELL', 'NORMAL', '2007-02-22 09:01:25');
INSERT INTO `log_transaction` VALUES (626, 9, 7, 576, 250, 'BUY', 'NORMAL', '2007-02-22 09:01:25');
INSERT INTO `log_transaction` VALUES (627, 47, 12, 408, 1000, 'BUY', 'NORMAL', '2007-02-22 09:01:30');
INSERT INTO `log_transaction` VALUES (628, 35, 3, 438, 100, 'SELL', 'NORMAL', '2007-02-22 09:01:34');
INSERT INTO `log_transaction` VALUES (629, 35, 7, 576, 200, 'BUY', 'NORMAL', '2007-02-22 09:01:34');
INSERT INTO `log_transaction` VALUES (630, 41, 11, 485, 200, 'BUY', 'NORMAL', '2007-02-22 09:01:47');
INSERT INTO `log_transaction` VALUES (631, 7, 3, 438, 100, 'SELL', 'NORMAL', '2007-02-22 09:01:49');
INSERT INTO `log_transaction` VALUES (632, 7, 14, 333, 200, 'BUY', 'NORMAL', '2007-02-22 09:01:49');
INSERT INTO `log_transaction` VALUES (633, 12, 7, 576, 400, 'SELL', 'NORMAL', '2007-02-22 09:01:57');
INSERT INTO `log_transaction` VALUES (634, 12, 14, 333, 600, 'SELL', 'NORMAL', '2007-02-22 09:01:57');
INSERT INTO `log_transaction` VALUES (635, 37, 3, 438, 100, 'SELL', 'NORMAL', '2007-02-22 09:02:00');
INSERT INTO `log_transaction` VALUES (636, 37, 6, 324, 100, 'SELL', 'NORMAL', '2007-02-22 09:02:00');
INSERT INTO `log_transaction` VALUES (637, 22, 8, 245, 2000, 'BUY', 'NORMAL', '2007-02-22 09:02:02');
INSERT INTO `log_transaction` VALUES (638, 22, 12, 408, 700, 'SELL', 'NORMAL', '2007-02-22 09:02:02');
INSERT INTO `log_transaction` VALUES (639, 5, 7, 650, 200, 'BUY', 'NORMAL', '2007-02-22 09:02:22');
INSERT INTO `log_transaction` VALUES (640, 5, 14, 286, 100, 'SELL', 'NORMAL', '2007-02-22 09:02:22');
INSERT INTO `log_transaction` VALUES (641, 25, 1, 403, 50, 'SELL', 'NORMAL', '2007-02-22 09:02:26');
INSERT INTO `log_transaction` VALUES (642, 25, 8, 249, 100, 'SELL', 'NORMAL', '2007-02-22 09:02:26');
INSERT INTO `log_transaction` VALUES (643, 19, 3, 426, 100, 'SELL', 'NORMAL', '2007-02-22 09:02:43');
INSERT INTO `log_transaction` VALUES (644, 8, 5, 347, 200, 'SELL', 'NORMAL', '2007-02-22 09:03:15');
INSERT INTO `log_transaction` VALUES (645, 8, 11, 516, 600, 'BUY', 'NORMAL', '2007-02-22 09:03:15');
INSERT INTO `log_transaction` VALUES (646, 28, 11, 516, 200, 'BUY', 'NORMAL', '2007-02-22 09:03:16');
INSERT INTO `log_transaction` VALUES (647, 47, 12, 403, 1050, 'SELL', 'NORMAL', '2007-02-22 09:03:20');
INSERT INTO `log_transaction` VALUES (648, 15, 11, 516, 100, 'BUY', 'NORMAL', '2007-02-22 09:03:33');
INSERT INTO `log_transaction` VALUES (649, 5, 7, 650, 50, 'BUY', 'NORMAL', '2007-02-22 09:03:37');
INSERT INTO `log_transaction` VALUES (650, 36, 3, 426, 100, 'SELL', 'NORMAL', '2007-02-22 09:03:43');
INSERT INTO `log_transaction` VALUES (651, 36, 11, 516, 200, 'BUY', 'NORMAL', '2007-02-22 09:03:43');
INSERT INTO `log_transaction` VALUES (652, 23, 11, 516, 500, 'BUY', 'NORMAL', '2007-02-22 09:03:46');
INSERT INTO `log_transaction` VALUES (653, 15, 10, 375, 100, 'BUY', 'NORMAL', '2007-02-22 09:03:56');
INSERT INTO `log_transaction` VALUES (654, 43, 11, 516, 3150, 'SELL', 'NORMAL', '2007-02-22 09:04:04');
INSERT INTO `log_transaction` VALUES (655, 38, 11, 516, 300, 'BUY', 'NORMAL', '2007-02-22 09:04:04');
INSERT INTO `log_transaction` VALUES (656, 38, 14, 286, 300, 'BUY', 'NORMAL', '2007-02-22 09:04:04');
INSERT INTO `log_transaction` VALUES (657, 23, 11, 516, 200, 'BUY', 'NORMAL', '2007-02-22 09:04:06');
INSERT INTO `log_transaction` VALUES (658, 1, 11, 516, 200, 'BUY', 'NORMAL', '2007-02-22 09:04:24');
INSERT INTO `log_transaction` VALUES (659, 48, 11, 516, 50, 'SELL', 'NORMAL', '2007-02-22 09:04:27');
INSERT INTO `log_transaction` VALUES (660, 21, 7, 650, 200, 'SELL', 'NORMAL', '2007-02-22 09:04:30');
INSERT INTO `log_transaction` VALUES (661, 21, 15, 620, 350, 'SELL', 'NORMAL', '2007-02-22 09:04:30');
INSERT INTO `log_transaction` VALUES (662, 33, 11, 516, 300, 'BUY', 'NORMAL', '2007-02-22 09:04:44');
INSERT INTO `log_transaction` VALUES (663, 48, 1, 403, 50, 'BUY', 'NORMAL', '2007-02-22 09:04:49');
INSERT INTO `log_transaction` VALUES (664, 33, 11, 516, 700, 'BUY', 'NORMAL', '2007-02-22 09:04:59');
INSERT INTO `log_transaction` VALUES (665, 30, 14, 286, 100, 'BUY', 'NORMAL', '2007-02-22 09:05:05');
INSERT INTO `log_transaction` VALUES (666, 41, 11, 516, 250, 'BUY', 'NORMAL', '2007-02-22 09:05:07');
INSERT INTO `log_transaction` VALUES (667, 14, 11, 516, 500, 'BUY', 'NORMAL', '2007-02-22 09:05:11');
INSERT INTO `log_transaction` VALUES (668, 27, 7, 650, 1300, 'SELL', 'NORMAL', '2007-02-22 09:05:23');
INSERT INTO `log_transaction` VALUES (669, 3, 7, 650, 200, 'SELL', 'NORMAL', '2007-02-22 09:05:30');
INSERT INTO `log_transaction` VALUES (670, 3, 14, 286, 300, 'BUY', 'NORMAL', '2007-02-22 09:05:30');
INSERT INTO `log_transaction` VALUES (671, 45, 1, 403, 200, 'BUY', 'NORMAL', '2007-02-22 09:05:31');
INSERT INTO `log_transaction` VALUES (672, 45, 13, 422, 200, 'BUY', 'NORMAL', '2007-02-22 09:05:31');
INSERT INTO `log_transaction` VALUES (673, 3, 14, 286, 500, 'BUY', 'NORMAL', '2007-02-22 09:05:52');
INSERT INTO `log_transaction` VALUES (674, 34, 11, 516, 700, 'BUY', 'NORMAL', '2007-02-22 09:05:58');
INSERT INTO `log_transaction` VALUES (675, 20, 15, 620, 700, 'SELL', 'NORMAL', '2007-02-22 09:05:59');
INSERT INTO `log_transaction` VALUES (676, 22, 8, 249, 3000, 'SELL', 'NORMAL', '2007-02-22 09:06:08');
INSERT INTO `log_transaction` VALUES (677, 11, 15, 620, 800, 'SELL', 'NORMAL', '2007-02-22 09:06:18');
INSERT INTO `log_transaction` VALUES (678, 41, 11, 516, 100, 'BUY', 'NORMAL', '2007-02-22 09:06:20');
INSERT INTO `log_transaction` VALUES (679, 22, 15, 620, 700, 'BUY', 'NORMAL', '2007-02-22 09:06:26');
INSERT INTO `log_transaction` VALUES (680, 2, 7, 650, 400, 'SELL', 'NORMAL', '2007-02-22 09:06:30');
INSERT INTO `log_transaction` VALUES (681, 2, 14, 286, 500, 'BUY', 'NORMAL', '2007-02-22 09:06:30');
INSERT INTO `log_transaction` VALUES (682, 2, 14, 286, 300, 'BUY', 'NORMAL', '2007-02-22 09:06:45');
INSERT INTO `log_transaction` VALUES (683, 32, 11, 516, 500, 'BUY', 'NORMAL', '2007-02-22 09:06:46');
INSERT INTO `log_transaction` VALUES (684, 32, 15, 620, 100, 'SELL', 'NORMAL', '2007-02-22 09:06:46');
INSERT INTO `log_transaction` VALUES (685, 25, 3, 426, 300, 'BUY', 'NORMAL', '2007-02-22 09:06:52');
INSERT INTO `log_transaction` VALUES (686, 25, 14, 286, 100, 'SELL', 'NORMAL', '2007-02-22 09:06:52');
INSERT INTO `log_transaction` VALUES (687, 11, 4, 464, 700, 'SELL', 'NORMAL', '2007-02-22 09:06:56');
INSERT INTO `log_transaction` VALUES (688, 2, 14, 286, 200, 'BUY', 'NORMAL', '2007-02-22 09:07:02');
INSERT INTO `log_transaction` VALUES (689, 34, 11, 516, 400, 'BUY', 'NORMAL', '2007-02-22 09:07:04');
INSERT INTO `log_transaction` VALUES (690, 43, 14, 286, 100, 'SELL', 'NORMAL', '2007-02-22 09:07:08');
INSERT INTO `log_transaction` VALUES (691, 31, 11, 516, 20, 'BUY', 'NORMAL', '2007-02-22 09:07:40');
INSERT INTO `log_transaction` VALUES (692, 6, 7, 650, 700, 'SELL', 'NORMAL', '2007-02-22 09:07:41');
INSERT INTO `log_transaction` VALUES (693, 6, 8, 249, 1200, 'BUY', 'NORMAL', '2007-02-22 09:07:41');
INSERT INTO `log_transaction` VALUES (694, 19, 4, 464, 200, 'SELL', 'NORMAL', '2007-02-22 09:07:43');
INSERT INTO `log_transaction` VALUES (695, 28, 8, 249, 50, 'BUY', 'NORMAL', '2007-02-22 09:07:46');
INSERT INTO `log_transaction` VALUES (696, 44, 4, 464, 50, 'BUY', 'NORMAL', '2007-02-22 09:08:06');
INSERT INTO `log_transaction` VALUES (697, 44, 13, 422, 50, 'BUY', 'NORMAL', '2007-02-22 09:08:06');
INSERT INTO `log_transaction` VALUES (698, 32, 1, 403, 100, 'SELL', 'NORMAL', '2007-02-22 09:08:08');
INSERT INTO `log_transaction` VALUES (699, 32, 11, 516, 100, 'BUY', 'NORMAL', '2007-02-22 09:08:08');
INSERT INTO `log_transaction` VALUES (700, 10, 7, 650, 300, 'SELL', 'NORMAL', '2007-02-22 09:08:19');
INSERT INTO `log_transaction` VALUES (701, 10, 8, 249, 400, 'BUY', 'NORMAL', '2007-02-22 09:08:19');
INSERT INTO `log_transaction` VALUES (702, 19, 14, 286, 500, 'BUY', 'NORMAL', '2007-02-22 09:08:26');
INSERT INTO `log_transaction` VALUES (703, 26, 11, 516, 200, 'BUY', 'NORMAL', '2007-02-22 09:08:28');
INSERT INTO `log_transaction` VALUES (704, 34, 11, 516, 700, 'BUY', 'NORMAL', '2007-02-22 09:08:28');
INSERT INTO `log_transaction` VALUES (705, 44, 1, 403, 50, 'BUY', 'NORMAL', '2007-02-22 09:08:32');
INSERT INTO `log_transaction` VALUES (706, 44, 5, 347, 50, 'BUY', 'NORMAL', '2007-02-22 09:08:32');
INSERT INTO `log_transaction` VALUES (707, 41, 11, 516, 100, 'BUY', 'NORMAL', '2007-02-22 09:08:49');
INSERT INTO `log_transaction` VALUES (708, 20, 8, 249, 1000, 'BUY', 'NORMAL', '2007-02-22 09:08:50');
INSERT INTO `log_transaction` VALUES (709, 20, 11, 516, 500, 'BUY', 'NORMAL', '2007-02-22 09:08:50');
INSERT INTO `log_transaction` VALUES (710, 38, 8, 249, 700, 'BUY', 'NORMAL', '2007-02-22 09:08:58');
INSERT INTO `log_transaction` VALUES (711, 38, 11, 516, 200, 'BUY', 'NORMAL', '2007-02-22 09:08:58');
INSERT INTO `log_transaction` VALUES (712, 30, 8, 249, 100, 'BUY', 'NORMAL', '2007-02-22 09:09:07');
INSERT INTO `log_transaction` VALUES (713, 15, 12, 403, 100, 'SELL', 'NORMAL', '2007-02-22 09:09:08');
INSERT INTO `log_transaction` VALUES (714, 9, 7, 650, 1050, 'SELL', 'NORMAL', '2007-02-22 09:09:18');
INSERT INTO `log_transaction` VALUES (715, 9, 11, 516, 1200, 'BUY', 'NORMAL', '2007-02-22 09:09:18');
INSERT INTO `log_transaction` VALUES (716, 15, 8, 249, 100, 'BUY', 'NORMAL', '2007-02-22 09:09:19');
INSERT INTO `log_transaction` VALUES (717, 27, 8, 249, 2000, 'BUY', 'NORMAL', '2007-02-22 09:09:22');
INSERT INTO `log_transaction` VALUES (718, 9, 11, 516, 50, 'BUY', 'NORMAL', '2007-02-22 09:09:36');
INSERT INTO `log_transaction` VALUES (719, 14, 8, 249, 500, 'BUY', 'NORMAL', '2007-02-22 09:09:37');
INSERT INTO `log_transaction` VALUES (720, 32, 11, 516, 100, 'BUY', 'NORMAL', '2007-02-22 09:09:47');
INSERT INTO `log_transaction` VALUES (721, 20, 11, 516, 100, 'BUY', 'NORMAL', '2007-02-22 09:09:54');
INSERT INTO `log_transaction` VALUES (722, 35, 7, 650, 900, 'SELL', 'NORMAL', '2007-02-22 09:10:06');
INSERT INTO `log_transaction` VALUES (723, 8, 7, 650, 450, 'SELL', 'NORMAL', '2007-02-22 09:10:13');
INSERT INTO `log_transaction` VALUES (724, 8, 11, 516, 650, 'BUY', 'NORMAL', '2007-02-22 09:10:13');
INSERT INTO `log_transaction` VALUES (725, 19, 13, 422, 950, 'SELL', 'NORMAL', '2007-02-22 09:10:14');
INSERT INTO `log_transaction` VALUES (726, 44, 3, 426, 100, 'SELL', 'NORMAL', '2007-02-22 09:10:17');
INSERT INTO `log_transaction` VALUES (727, 44, 9, 556, 100, 'BUY', 'NORMAL', '2007-02-22 09:10:17');
INSERT INTO `log_transaction` VALUES (728, 35, 11, 516, 1000, 'BUY', 'NORMAL', '2007-02-22 09:10:25');
INSERT INTO `log_transaction` VALUES (729, 21, 8, 249, 500, 'BUY', 'NORMAL', '2007-02-22 09:10:27');
INSERT INTO `log_transaction` VALUES (730, 21, 14, 286, 300, 'BUY', 'NORMAL', '2007-02-22 09:10:27');
INSERT INTO `log_transaction` VALUES (731, 45, 3, 426, 100, 'SELL', 'NORMAL', '2007-02-22 09:10:39');
INSERT INTO `log_transaction` VALUES (732, 45, 11, 516, 100, 'BUY', 'NORMAL', '2007-02-22 09:10:39');
INSERT INTO `log_transaction` VALUES (733, 19, 8, 249, 1500, 'BUY', 'NORMAL', '2007-02-22 09:10:51');
INSERT INTO `log_transaction` VALUES (734, 5, 2, 227, 100, 'SELL', 'NORMAL', '2007-02-22 09:10:55');
INSERT INTO `log_transaction` VALUES (735, 5, 3, 426, 100, 'SELL', 'NORMAL', '2007-02-22 09:10:55');
INSERT INTO `log_transaction` VALUES (736, 41, 11, 516, 150, 'BUY', 'NORMAL', '2007-02-22 09:10:57');
INSERT INTO `log_transaction` VALUES (737, 27, 11, 516, 600, 'BUY', 'NORMAL', '2007-02-22 09:11:03');
INSERT INTO `log_transaction` VALUES (738, 35, 8, 249, 700, 'BUY', 'NORMAL', '2007-02-22 09:11:06');
INSERT INTO `log_transaction` VALUES (739, 7, 14, 286, 1000, 'BUY', 'NORMAL', '2007-02-22 09:11:17');
INSERT INTO `log_transaction` VALUES (740, 11, 8, 249, 3000, 'BUY', 'NORMAL', '2007-02-22 09:11:18');
INSERT INTO `log_transaction` VALUES (741, 20, 11, 516, 50, 'BUY', 'NORMAL', '2007-02-22 09:11:33');
INSERT INTO `log_transaction` VALUES (742, 37, 7, 650, 400, 'SELL', 'NORMAL', '2007-02-22 09:11:41');
INSERT INTO `log_transaction` VALUES (743, 19, 15, 620, 250, 'SELL', 'NORMAL', '2007-02-22 09:12:00');
INSERT INTO `log_transaction` VALUES (744, 37, 8, 249, 300, 'BUY', 'NORMAL', '2007-02-22 09:12:03');
INSERT INTO `log_transaction` VALUES (745, 7, 14, 286, 700, 'BUY', 'NORMAL', '2007-02-22 09:12:16');
INSERT INTO `log_transaction` VALUES (746, 21, 6, 256, 300, 'BUY', 'NORMAL', '2007-02-22 09:12:31');
INSERT INTO `log_transaction` VALUES (747, 21, 7, 650, 300, 'BUY', 'NORMAL', '2007-02-22 09:12:31');
INSERT INTO `log_transaction` VALUES (748, 19, 11, 516, 350, 'BUY', 'NORMAL', '2007-02-22 09:12:34');
INSERT INTO `log_transaction` VALUES (749, 33, 11, 516, 500, 'BUY', 'NORMAL', '2007-02-22 09:12:40');
INSERT INTO `log_transaction` VALUES (750, 1, 11, 516, 200, 'BUY', 'NORMAL', '2007-02-22 09:12:54');
INSERT INTO `log_transaction` VALUES (751, 1, 15, 620, 200, 'SELL', 'NORMAL', '2007-02-22 09:12:54');
INSERT INTO `log_transaction` VALUES (752, 23, 1, 403, 100, 'SELL', 'NORMAL', '2007-02-22 09:12:59');
INSERT INTO `log_transaction` VALUES (753, 38, 8, 249, 300, 'BUY', 'NORMAL', '2007-02-22 09:13:14');
INSERT INTO `log_transaction` VALUES (754, 6, 14, 286, 200, 'BUY', 'NORMAL', '2007-02-22 09:13:19');
INSERT INTO `log_transaction` VALUES (755, 11, 2, 227, 100, 'SELL', 'NORMAL', '2007-02-22 09:13:27');
INSERT INTO `log_transaction` VALUES (756, 11, 3, 426, 100, 'SELL', 'NORMAL', '2007-02-22 09:13:27');
INSERT INTO `log_transaction` VALUES (757, 22, 11, 516, 400, 'BUY', 'NORMAL', '2007-02-22 09:13:31');
INSERT INTO `log_transaction` VALUES (758, 11, 8, 249, 350, 'BUY', 'NORMAL', '2007-02-22 09:13:40');
INSERT INTO `log_transaction` VALUES (759, 32, 11, 516, 50, 'BUY', 'NORMAL', '2007-02-22 09:13:45');
INSERT INTO `log_transaction` VALUES (760, 32, 13, 422, 100, 'SELL', 'NORMAL', '2007-02-22 09:13:45');
INSERT INTO `log_transaction` VALUES (761, 31, 11, 516, 4, 'BUY', 'NORMAL', '2007-02-22 09:13:49');
INSERT INTO `log_transaction` VALUES (762, 27, 15, 620, 400, 'SELL', 'NORMAL', '2007-02-22 09:13:50');
INSERT INTO `log_transaction` VALUES (763, 9, 11, 516, 100, 'BUY', 'NORMAL', '2007-02-22 09:13:54');
INSERT INTO `log_transaction` VALUES (764, 9, 12, 403, 100, 'SELL', 'NORMAL', '2007-02-22 09:13:54');
INSERT INTO `log_transaction` VALUES (765, 11, 8, 249, 150, 'BUY', 'NORMAL', '2007-02-22 09:13:58');
INSERT INTO `log_transaction` VALUES (766, 27, 11, 516, 500, 'BUY', 'NORMAL', '2007-02-22 09:14:02');
INSERT INTO `log_transaction` VALUES (767, 19, 1, 403, 100, 'SELL', 'NORMAL', '2007-02-22 09:14:34');
INSERT INTO `log_transaction` VALUES (768, 23, 11, 516, 50, 'BUY', 'NORMAL', '2007-02-22 09:14:38');
INSERT INTO `log_transaction` VALUES (769, 10, 12, 403, 100, 'SELL', 'NORMAL', '2007-02-22 09:14:38');
INSERT INTO `log_transaction` VALUES (770, 19, 11, 516, 110, 'BUY', 'NORMAL', '2007-02-22 09:14:53');
INSERT INTO `log_transaction` VALUES (771, 21, 3, 426, 500, 'BUY', 'NORMAL', '2007-02-22 09:14:57');
INSERT INTO `log_transaction` VALUES (772, 10, 8, 249, 100, 'BUY', 'NORMAL', '2007-02-22 09:14:59');
INSERT INTO `log_transaction` VALUES (773, 21, 4, 464, 300, 'BUY', 'NORMAL', '2007-02-22 09:15:13');
INSERT INTO `log_transaction` VALUES (774, 37, 8, 249, 200, 'BUY', 'NORMAL', '2007-02-22 09:15:20');
INSERT INTO `log_transaction` VALUES (775, 5, 7, 650, 700, 'SELL', 'NORMAL', '2007-02-22 09:15:22');
INSERT INTO `log_transaction` VALUES (776, 5, 8, 249, 200, 'BUY', 'NORMAL', '2007-02-22 09:15:22');
INSERT INTO `log_transaction` VALUES (777, 36, 10, 375, 150, 'SELL', 'NORMAL', '2007-02-22 09:15:44');
INSERT INTO `log_transaction` VALUES (778, 23, 11, 516, 1550, 'SELL', 'NORMAL', '2007-02-22 09:15:59');
INSERT INTO `log_transaction` VALUES (779, 33, 11, 516, 50, 'BUY', 'NORMAL', '2007-02-22 09:16:05');

-- --------------------------------------------------------

-- 
-- Table structure for table `rate_of_interest`
-- 

CREATE TABLE `rate_of_interest` (
  `time_period` int(10) unsigned NOT NULL auto_increment,
  `rate_of_interest` float NOT NULL,
  PRIMARY KEY  (`time_period`)
) ENGINE=MyISAM DEFAULT CHARSET=latin1 COLLATE=latin1_general_ci AUTO_INCREMENT=46 ;

-- 
-- Dumping data for table `rate_of_interest`
-- 

INSERT INTO `rate_of_interest` VALUES (10, 5);
INSERT INTO `rate_of_interest` VALUES (15, 7);
INSERT INTO `rate_of_interest` VALUES (20, 10);
INSERT INTO `rate_of_interest` VALUES (30, 14);

-- --------------------------------------------------------

-- 
-- Table structure for table `sector_companies`
-- 

CREATE TABLE `sector_companies` (
  `sector_id` int(4) NOT NULL,
  `company_id` int(4) NOT NULL,
  PRIMARY KEY  (`sector_id`,`company_id`)
) ENGINE=MyISAM DEFAULT CHARSET=latin1;

-- 
-- Dumping data for table `sector_companies`
-- 

INSERT INTO `sector_companies` VALUES (1, 1);
INSERT INTO `sector_companies` VALUES (1, 2);
INSERT INTO `sector_companies` VALUES (1, 3);
INSERT INTO `sector_companies` VALUES (2, 4);
INSERT INTO `sector_companies` VALUES (2, 5);
INSERT INTO `sector_companies` VALUES (2, 6);
INSERT INTO `sector_companies` VALUES (3, 7);
INSERT INTO `sector_companies` VALUES (3, 8);
INSERT INTO `sector_companies` VALUES (3, 9);
INSERT INTO `sector_companies` VALUES (4, 10);
INSERT INTO `sector_companies` VALUES (4, 11);
INSERT INTO `sector_companies` VALUES (4, 12);
INSERT INTO `sector_companies` VALUES (5, 13);
INSERT INTO `sector_companies` VALUES (5, 14);
INSERT INTO `sector_companies` VALUES (5, 15);

-- --------------------------------------------------------

-- 
-- Table structure for table `sector_index`
-- 

CREATE TABLE `sector_index` (
  `sector_id` int(2) NOT NULL auto_increment,
  `sector_name` varchar(20) NOT NULL,
  `sector_index` int(4) default NULL,
  PRIMARY KEY  (`sector_id`)
) ENGINE=MyISAM DEFAULT CHARSET=latin1 AUTO_INCREMENT=6 ;

-- 
-- Dumping data for table `sector_index`
-- 

INSERT INTO `sector_index` VALUES (1, 'Entertainment', 349);
INSERT INTO `sector_index` VALUES (2, 'Motor', 336);
INSERT INTO `sector_index` VALUES (3, 'software', 549);
INSERT INTO `sector_index` VALUES (4, 'Textile', 472);
INSERT INTO `sector_index` VALUES (5, 'Bank', 440);

-- --------------------------------------------------------

-- 
-- Table structure for table `shortselling_flag`
-- 

CREATE TABLE `shortselling_flag` (
  `flag` int(10) unsigned NOT NULL auto_increment,
  `no_of_customers` int(10) unsigned NOT NULL,
  PRIMARY KEY  (`flag`,`no_of_customers`)
) ENGINE=MyISAM DEFAULT CHARSET=latin1 COLLATE=latin1_general_ci AUTO_INCREMENT=2 ;

-- 
-- Dumping data for table `shortselling_flag`
-- 

INSERT INTO `shortselling_flag` VALUES (0, 55);
